PartitonedTextAWAREGlobalGridLocal5MillionBP,-,-,-,-,-,-,-,-,-,-,-,-,-,-,-,-,-,-,-,-,-,-,-,-,-,-,-,-,-,-,-,-,-,-,,,,,,,,,,,,,,,,,,,,,,,,,,,,,,,,,,,,,,,,,,,,,,,,,,,,,,,,,,,,,,,,,,,,,,,,,,,,,,,,,,,,,,,,,,,,,,,,,,,,,,,,,,,,,,,,,,,,,,,,,,,,,,,,,,,,,
numberOfackers,0,evaluatorParrellism,4,routingParrellism,10,spoutParallesim,10,numberOfQueryKeywords,3,numberOfQueries,1000000,spatialRange,5,localIndexType,HYBRID_GRID,globalIndexType,PARTITIONED_TEXT_AWARE,,,,,,,,,,,,,,,,,,,,,,,,,,,,,,,,,,,,,,,,,,,,,,,,,,,,,,,,,,,,,,,,,,,,,,,,,,,,,,,,,,,,,,,,,,,,,,,,,,,,,,,,,,,,,,,,,,,,,,,,,,,,,,,,,,,,,,,,,,,,,,,,,,,,,,
Topology Id, Tornado-45-1462230010,Number of Workers,26,600,Spid,Tweets , emitt,465012, ack,0, failed,0, completeLatency,0, upTime,882_884_885_884_883_884_884_884_884_882_,Spid,querySource , emitt,0, ack,0, failed,0, completeLatency,0, upTime,883_,totall,Spid,Tweets , emitt,382783240, ack,0, failed,0, completeLatency,0, upTime,882_884_885_884_883_884_884_884_884_882_,Spid,querySource , emitt,1000000, ack,0, failed,0, completeLatency,0, upTime,883_,600,Bolt id,Tornado_index,Emitted,Tornado_index_bolt_extension_query,0,Tornado_index_bolt_extension_data,321401,,Eexecuted,querySource_default,0,Tweets_default,340328,,ExecutedstdquerySource_default,0,Tweets_default,3712.2996403038,,Eexecute_Latency,querySource_default,0,Tweets_default,0.0146420814,,minup time,880,maxup time,885,Bolt id,Tornado,Emitted,_bolt_output_extension,67241,,Eexecuted,Tornado_index_Tornado_index_bolt_extension_data,278503,Tornado_index_Tornado_index_bolt_extension_query,0,,ExecutedstdTornado_index_Tornado_index_bolt_extension_data,32701.5545453863,Tornado_index_Tornado_index_bolt_extension_query,0,,Eexecute_Latency,Tornado_index_Tornado_index_bolt_extension_data,0.006969555,Tornado_index_Tornado_index_bolt_extension_query,0,,minup time,883,maxup time,883,total,Bolt id,Tornado_index,Emitted,Tornado_index_bolt_extension_query,1006040,Tornado_index_bolt_extension_data,290191860,,Eexecuted,querySource_default,10000000,Tweets_default,307241920,,ExecutedstdquerySource_default,0,Tweets_default,2186984.28843373,,Eexecute_Latency,querySource_default,0.01544,Tweets_default,0.0121133446,,minup time,880,maxup time,885,Bolt id,Tornado,Emitted,_bolt_output_extension,54418720,,Eexecuted,Tornado_index_Tornado_index_bolt_extension_data,222524160,Tornado_index_Tornado_index_bolt_extension_query,1005980,,ExecutedstdTornado_index_Tornado_index_bolt_extension_data,22431263.7158008,Tornado_index_Tornado_index_bolt_extension_query,116595.443628814,,Eexecute_Latency,Tornado_index_Tornado_index_bolt_extension_data,0.0070898769,Tornado_index_Tornado_index_bolt_extension_query,0.0167506039,,minup time,883,maxup time,883
Topology Id, Tornado-45-1462230010,Number of Workers,26,600,Spid,Tweets , emitt,417355, ack,0, failed,0, completeLatency,0, upTime,945_944_946_944_943_945_945_943_945_945_,Spid,querySource , emitt,0, ack,0, failed,0, completeLatency,0, upTime,943_,totall,Spid,Tweets , emitt,398665580, ack,0, failed,0, completeLatency,0, upTime,945_944_946_944_943_945_945_943_945_945_,Spid,querySource , emitt,1000000, ack,0, failed,0, completeLatency,0, upTime,943_,600,Bolt id,Tornado_index,Emitted,Tornado_index_bolt_extension_query,0,Tornado_index_bolt_extension_data,290943,,Eexecuted,querySource_default,0,Tweets_default,308084,,ExecutedstdquerySource_default,0,Tweets_default,4540.6129044674,,Eexecute_Latency,querySource_default,0,Tweets_default,0.0174334739,,minup time,941,maxup time,947,Bolt id,Tornado,Emitted,_bolt_output_extension,64546,,Eexecuted,Tornado_index_Tornado_index_bolt_extension_data,268866,Tornado_index_Tornado_index_bolt_extension_query,0,,ExecutedstdTornado_index_Tornado_index_bolt_extension_data,33564.4359614449,Tornado_index_Tornado_index_bolt_extension_query,0,,Eexecute_Latency,Tornado_index_Tornado_index_bolt_extension_data,0.0069077355,Tornado_index_Tornado_index_bolt_extension_query,0,,minup time,943,maxup time,944,total,Bolt id,Tornado_index,Emitted,Tornado_index_bolt_extension_query,1006040,Tornado_index_bolt_extension_data,305372120,,Eexecuted,querySource_default,10000000,Tweets_default,323301540,,ExecutedstdquerySource_default,0,Tweets_default,2668660.92714755,,Eexecute_Latency,querySource_default,0.01544,Tweets_default,0.0126611588,,minup time,941,maxup time,947,Bolt id,Tornado,Emitted,_bolt_output_extension,57937140,,Eexecuted,Tornado_index_Tornado_index_bolt_extension_data,237288780,Tornado_index_Tornado_index_bolt_extension_query,1005980,,ExecutedstdTornado_index_Tornado_index_bolt_extension_data,24402545.5347362,Tornado_index_Tornado_index_bolt_extension_query,116595.443628814,,Eexecute_Latency,Tornado_index_Tornado_index_bolt_extension_data,0.0070696638,Tornado_index_Tornado_index_bolt_extension_query,0.0167506039,,minup time,943,maxup time,944
Topology Id, Tornado-45-1462230010,Number of Workers,26,600,Spid,Tweets , emitt,365515, ack,0, failed,0, completeLatency,0, upTime,1007_1005_1006_1005_1005_1007_1008_1006_1007_1004_,Spid,querySource , emitt,0, ack,0, failed,0, completeLatency,0, upTime,1006_,totall,Spid,Tweets , emitt,414792600, ack,0, failed,0, completeLatency,0, upTime,1007_1005_1006_1005_1005_1007_1008_1006_1007_1004_,Spid,querySource , emitt,1000000, ack,0, failed,0, completeLatency,0, upTime,1006_,600,Bolt id,Tornado_index,Emitted,Tornado_index_bolt_extension_query,0,Tornado_index_bolt_extension_data,273853,,Eexecuted,querySource_default,0,Tweets_default,289918,,ExecutedstdquerySource_default,0,Tweets_default,5341.848585185,,Eexecute_Latency,querySource_default,0,Tweets_default,0.0180664512,,minup time,1003,maxup time,1008,Bolt id,Tornado,Emitted,_bolt_output_extension,62318,,Eexecuted,Tornado_index_Tornado_index_bolt_extension_data,260292,Tornado_index_Tornado_index_bolt_extension_query,0,,ExecutedstdTornado_index_Tornado_index_bolt_extension_data,33408.0658389705,Tornado_index_Tornado_index_bolt_extension_query,0,,Eexecute_Latency,Tornado_index_Tornado_index_bolt_extension_data,0.0068742554,Tornado_index_Tornado_index_bolt_extension_query,0,,minup time,1003,maxup time,1007,total,Bolt id,Tornado_index,Emitted,Tornado_index_bolt_extension_query,1006040,Tornado_index_bolt_extension_data,320017780,,Eexecuted,querySource_default,10000000,Tweets_default,338809300,,ExecutedstdquerySource_default,0,Tweets_default,3199755.60902079,,Eexecute_Latency,querySource_default,0.01544,Tweets_default,0.0124868674,,minup time,1003,maxup time,1008,Bolt id,Tornado,Emitted,_bolt_output_extension,61344600,,Eexecuted,Tornado_index_Tornado_index_bolt_extension_data,251482260,Tornado_index_Tornado_index_bolt_extension_query,1005980,,ExecutedstdTornado_index_Tornado_index_bolt_extension_data,26209733.9831536,Tornado_index_Tornado_index_bolt_extension_query,116595.443628814,,Eexecute_Latency,Tornado_index_Tornado_index_bolt_extension_data,0.0070766016,Tornado_index_Tornado_index_bolt_extension_query,0.0167506039,,minup time,1003,maxup time,1007
Topology Id, Tornado-45-1462230010,Number of Workers,26,600,Spid,Tweets , emitt,317388, ack,0, failed,0, completeLatency,0, upTime,1066_1065_1070_1069_1065_1070_1068_1068_1066_1068_,Spid,querySource , emitt,0, ack,0, failed,0, completeLatency,0, upTime,1066_,totall,Spid,Tweets , emitt,430228780, ack,0, failed,0, completeLatency,0, upTime,1066_1065_1070_1069_1065_1070_1068_1068_1066_1068_,Spid,querySource , emitt,1000000, ack,0, failed,0, completeLatency,0, upTime,1066_,600,Bolt id,Tornado_index,Emitted,Tornado_index_bolt_extension_query,0,Tornado_index_bolt_extension_data,262164,,Eexecuted,querySource_default,0,Tweets_default,277520,,ExecutedstdquerySource_default,0,Tweets_default,6150.9621960755,,Eexecute_Latency,querySource_default,0,Tweets_default,0.0193482131,,minup time,1067,maxup time,1070,Bolt id,Tornado,Emitted,_bolt_output_extension,60508,,Eexecuted,Tornado_index_Tornado_index_bolt_extension_data,253421,Tornado_index_Tornado_index_bolt_extension_query,0,,ExecutedstdTornado_index_Tornado_index_bolt_extension_data,33078.6195433587,Tornado_index_Tornado_index_bolt_extension_query,0,,Eexecute_Latency,Tornado_index_Tornado_index_bolt_extension_data,0.0068337223,Tornado_index_Tornado_index_bolt_extension_query,0,,minup time,1066,maxup time,1067,total,Bolt id,Tornado_index,Emitted,Tornado_index_bolt_extension_query,1006040,Tornado_index_bolt_extension_data,334649200,,Eexecuted,querySource_default,10000000,Tweets_default,354299980,,ExecutedstdquerySource_default,0,Tweets_default,3751416.80657802,,Eexecute_Latency,querySource_default,0.01544,Tweets_default,0.0128797498,,minup time,1067,maxup time,1070,Bolt id,Tornado,Emitted,_bolt_output_extension,64898040,,Eexecuted,Tornado_index_Tornado_index_bolt_extension_data,266514200,Tornado_index_Tornado_index_bolt_extension_query,1005980,,ExecutedstdTornado_index_Tornado_index_bolt_extension_data,28349527.8628393,Tornado_index_Tornado_index_bolt_extension_query,116595.443628814,,Eexecute_Latency,Tornado_index_Tornado_index_bolt_extension_data,0.0070531989,Tornado_index_Tornado_index_bolt_extension_query,0.0167506039,,minup time,1066,maxup time,1067
,,,,,,,,,,,,,,,,,,,,,,,,,,,,,,,,,,,,,,,,,,,,,,,,,,,,,,,,,,,,,,,,,,,,,,,,,,,,,,,,,,,,,,,,,,,,,,,,,,,,,,,,,,,,,,,,,,,,,,,,,,,,,,,,,,,,,,,,,,,,,,,,,,,,,,,,,,,,,,,,,,,,,,,
numberOfackers,0,evaluatorParrellism,9,routingParrellism,10,spoutParallesim,10,numberOfQueryKeywords,3,numberOfQueries,2500000,spatialRange,5,localIndexType,HYBRID_GRID,globalIndexType,PARTITIONED_TEXT_AWARE,,,,,,,,,,,,,,,,,,,,,,,,,,,,,,,,,,,,,,,,,,,,,,,,,,,,,,,,,,,,,,,,,,,,,,,,,,,,,,,,,,,,,,,,,,,,,,,,,,,,,,,,,,,,,,,,,,,,,,,,,,,,,,,,,,,,,,,,,,,,,,,,,,,,,,
Topology Id, Tornado-46-1462231159,Number of Workers,31,600,Spid,Tweets , emitt,600661, ack,0, failed,0, completeLatency,0, upTime,934_934_936_940_933_934_936_938_936_937_,Spid,querySource , emitt,0, ack,0, failed,0, completeLatency,0, upTime,937_,totall,Spid,Tweets , emitt,415474680, ack,0, failed,0, completeLatency,0, upTime,934_934_936_940_933_934_936_938_936_937_,Spid,querySource , emitt,2500000, ack,0, failed,0, completeLatency,0, upTime,937_,600,Bolt id,Tornado_index,Emitted,Tornado_index_bolt_extension_query,0,Tornado_index_bolt_extension_data,568713,,Eexecuted,querySource_default,0,Tweets_default,600370,,ExecutedstdquerySource_default,0,Tweets_default,479.0927874819,,Eexecute_Latency,querySource_default,0,Tweets_default,0.0055701526,,minup time,935,maxup time,940,Bolt id,Tornado,Emitted,_bolt_output_extension,188593,,Eexecuted,Tornado_index_Tornado_index_bolt_extension_data,541975,Tornado_index_Tornado_index_bolt_extension_query,0,,ExecutedstdTornado_index_Tornado_index_bolt_extension_data,39569.3915970994,Tornado_index_Tornado_index_bolt_extension_query,0,,Eexecute_Latency,Tornado_index_Tornado_index_bolt_extension_data,0.0207684695,Tornado_index_Tornado_index_bolt_extension_query,0,,minup time,931,maxup time,938,total,Bolt id,Tornado_index,Emitted,Tornado_index_bolt_extension_query,2532440,Tornado_index_bolt_extension_data,393075360,,Eexecuted,querySource_default,25000000,Tweets_default,414939740,,ExecutedstdquerySource_default,0,Tweets_default,307996.687001662,,Eexecute_Latency,querySource_default,0.0147984,Tweets_default,0.0055620609,,minup time,935,maxup time,940,Bolt id,Tornado,Emitted,_bolt_output_extension,130262420,,Eexecuted,Tornado_index_Tornado_index_bolt_extension_data,374051280,Tornado_index_Tornado_index_bolt_extension_query,2532500,,ExecutedstdTornado_index_Tornado_index_bolt_extension_data,27332931.3307495,Tornado_index_Tornado_index_bolt_extension_query,178297.375343332,,Eexecute_Latency,Tornado_index_Tornado_index_bolt_extension_data,0.0207411047,Tornado_index_Tornado_index_bolt_extension_query,0.0265322955,,minup time,931,maxup time,938
Topology Id, Tornado-46-1462231159,Number of Workers,31,600,Spid,Tweets , emitt,600791, ack,0, failed,0, completeLatency,0, upTime,997_998_1000_1000_994_997_997_998_1000_997_,Spid,querySource , emitt,0, ack,0, failed,0, completeLatency,0, upTime,1000_,totall,Spid,Tweets , emitt,453162400, ack,0, failed,0, completeLatency,0, upTime,997_998_1000_1000_994_997_997_998_1000_997_,Spid,querySource , emitt,2500000, ack,0, failed,0, completeLatency,0, upTime,1000_,600,Bolt id,Tornado_index,Emitted,Tornado_index_bolt_extension_query,0,Tornado_index_bolt_extension_data,569064,,Eexecuted,querySource_default,0,Tweets_default,600756,,ExecutedstdquerySource_default,0,Tweets_default,585.7066328044,,Eexecute_Latency,querySource_default,0,Tweets_default,0.0055562665,,minup time,997,maxup time,1001,Bolt id,Tornado,Emitted,_bolt_output_extension,188329,,Eexecuted,Tornado_index_Tornado_index_bolt_extension_data,541758,Tornado_index_Tornado_index_bolt_extension_query,0,,ExecutedstdTornado_index_Tornado_index_bolt_extension_data,39551.2177365227,Tornado_index_Tornado_index_bolt_extension_query,0,,Eexecute_Latency,Tornado_index_Tornado_index_bolt_extension_data,0.0207824443,Tornado_index_Tornado_index_bolt_extension_query,0,,minup time,994,maxup time,1001,total,Bolt id,Tornado_index,Emitted,Tornado_index_bolt_extension_query,2532440,Tornado_index_bolt_extension_data,428918380,,Eexecuted,querySource_default,25000000,Tweets_default,452788460,,ExecutedstdquerySource_default,0,Tweets_default,391234.542856328,,Eexecute_Latency,querySource_default,0.0147984,Tweets_default,0.0055424094,,minup time,997,maxup time,1001,Bolt id,Tornado,Emitted,_bolt_output_extension,141798060,,Eexecuted,Tornado_index_Tornado_index_bolt_extension_data,407262600,Tornado_index_Tornado_index_bolt_extension_query,2532500,,ExecutedstdTornado_index_Tornado_index_bolt_extension_data,29700897.1382946,Tornado_index_Tornado_index_bolt_extension_query,178297.375343332,,Eexecute_Latency,Tornado_index_Tornado_index_bolt_extension_data,0.0206987692,Tornado_index_Tornado_index_bolt_extension_query,0.0265322955,,minup time,994,maxup time,1001
Topology Id, Tornado-46-1462231159,Number of Workers,31,600,Spid,Tweets , emitt,602718, ack,0, failed,0, completeLatency,0, upTime,1057_1058_1060_1063_1057_1057_1060_1061_1060_1060_,Spid,querySource , emitt,0, ack,0, failed,0, completeLatency,0, upTime,1060_,totall,Spid,Tweets , emitt,491315400, ack,0, failed,0, completeLatency,0, upTime,1057_1058_1060_1063_1057_1057_1060_1061_1060_1060_,Spid,querySource , emitt,2500000, ack,0, failed,0, completeLatency,0, upTime,1060_,600,Bolt id,Tornado_index,Emitted,Tornado_index_bolt_extension_query,0,Tornado_index_bolt_extension_data,570886,,Eexecuted,querySource_default,0,Tweets_default,602719,,ExecutedstdquerySource_default,0,Tweets_default,555.1021859182,,Eexecute_Latency,querySource_default,0,Tweets_default,0.0055232472,,minup time,1059,maxup time,1064,Bolt id,Tornado,Emitted,_bolt_output_extension,188541,,Eexecuted,Tornado_index_Tornado_index_bolt_extension_data,542246,Tornado_index_Tornado_index_bolt_extension_query,0,,ExecutedstdTornado_index_Tornado_index_bolt_extension_data,39554.7636442102,Tornado_index_Tornado_index_bolt_extension_query,0,,Eexecute_Latency,Tornado_index_Tornado_index_bolt_extension_data,0.0207938318,Tornado_index_Tornado_index_bolt_extension_query,0,,minup time,1055,maxup time,1061,total,Bolt id,Tornado_index,Emitted,Tornado_index_bolt_extension_query,2532440,Tornado_index_bolt_extension_data,465552780,,Eexecuted,querySource_default,25000000,Tweets_default,491465680,,ExecutedstdquerySource_default,0,Tweets_default,384382.171823824,,Eexecute_Latency,querySource_default,0.0147984,Tweets_default,0.0055306796,,minup time,1059,maxup time,1064,Bolt id,Tornado,Emitted,_bolt_output_extension,153759600,,Eexecuted,Tornado_index_Tornado_index_bolt_extension_data,441484860,Tornado_index_Tornado_index_bolt_extension_query,2532500,,ExecutedstdTornado_index_Tornado_index_bolt_extension_data,32193338.9091194,Tornado_index_Tornado_index_bolt_extension_query,178297.375343332,,Eexecute_Latency,Tornado_index_Tornado_index_bolt_extension_data,0.0206947245,Tornado_index_Tornado_index_bolt_extension_query,0.0265322955,,minup time,1055,maxup time,1061
Topology Id, Tornado-46-1462231159,Number of Workers,31,600,Spid,Tweets , emitt,600541, ack,0, failed,0, completeLatency,0, upTime,1108_1109_1111_1114_1108_1108_1111_1112_1111_1111_,Spid,querySource , emitt,0, ack,0, failed,0, completeLatency,0, upTime,1111_,totall,Spid,Tweets , emitt,520798740, ack,0, failed,0, completeLatency,0, upTime,1108_1109_1111_1114_1108_1108_1111_1112_1111_1111_,Spid,querySource , emitt,2500000, ack,0, failed,0, completeLatency,0, upTime,1111_,600,Bolt id,Tornado_index,Emitted,Tornado_index_bolt_extension_query,0,Tornado_index_bolt_extension_data,569030,,Eexecuted,querySource_default,0,Tweets_default,600706,,ExecutedstdquerySource_default,0,Tweets_default,505.848597691,,Eexecute_Latency,querySource_default,0,Tweets_default,0.0054852527,,minup time,1111,maxup time,1116,Bolt id,Tornado,Emitted,_bolt_output_extension,188296,,Eexecuted,Tornado_index_Tornado_index_bolt_extension_data,541506,Tornado_index_Tornado_index_bolt_extension_query,0,,ExecutedstdTornado_index_Tornado_index_bolt_extension_data,39489.5788821994,Tornado_index_Tornado_index_bolt_extension_query,0,,Eexecute_Latency,Tornado_index_Tornado_index_bolt_extension_data,0.0207203329,Tornado_index_Tornado_index_bolt_extension_query,0,,minup time,1108,maxup time,1113,total,Bolt id,Tornado_index,Emitted,Tornado_index_bolt_extension_query,2532440,Tornado_index_bolt_extension_data,493802220,,Eexecuted,querySource_default,25000000,Tweets_default,521270600,,ExecutedstdquerySource_default,0,Tweets_default,393184.447810439,,Eexecute_Latency,querySource_default,0.0147984,Tweets_default,0.0055140966,,minup time,1111,maxup time,1116,Bolt id,Tornado,Emitted,_bolt_output_extension,163221940,,Eexecuted,Tornado_index_Tornado_index_bolt_extension_data,468856860,Tornado_index_Tornado_index_bolt_extension_query,2532500,,ExecutedstdTornado_index_Tornado_index_bolt_extension_data,34201716.7107319,Tornado_index_Tornado_index_bolt_extension_query,178297.375343332,,Eexecute_Latency,Tornado_index_Tornado_index_bolt_extension_data,0.0206461929,Tornado_index_Tornado_index_bolt_extension_query,0.0265322955,,minup time,1108,maxup time,1113
,,,,,,,,,,,,,,,,,,,,,,,,,,,,,,,,,,,,,,,,,,,,,,,,,,,,,,,,,,,,,,,,,,,,,,,,,,,,,,,,,,,,,,,,,,,,,,,,,,,,,,,,,,,,,,,,,,,,,,,,,,,,,,,,,,,,,,,,,,,,,,,,,,,,,,,,,,,,,,,,,,,,,,,
PartitonedTextAWAREGlobalGridLocal5MillionBP,-,-,-,-,-,-,-,-,-,-,-,-,-,-,-,-,-,-,-,-,-,-,-,-,-,-,-,-,-,-,-,-,-,-,,,,,,,,,,,,,,,,,,,,,,,,,,,,,,,,,,,,,,,,,,,,,,,,,,,,,,,,,,,,,,,,,,,,,,,,,,,,,,,,,,,,,,,,,,,,,,,,,,,,,,,,,,,,,,,,,,,,,,,,,,,,,,,,,,,,,
numberOfackers,0,evaluatorParrellism,4,routingParrellism,10,spoutParallesim,10,numberOfQueryKeywords,3,numberOfQueries,1000000,spatialRange,5,localIndexType,HYBRID_GRID,globalIndexType,PARTITIONED_TEXT_AWARE,,,,,,,,,,,,,,,,,,,,,,,,,,,,,,,,,,,,,,,,,,,,,,,,,,,,,,,,,,,,,,,,,,,,,,,,,,,,,,,,,,,,,,,,,,,,,,,,,,,,,,,,,,,,,,,,,,,,,,,,,,,,,,,,,,,,,,,,,,,,,,,,,,,,,,
Topology Id, Tornado-48-1462235733,Number of Workers,26,600,Spid,Tweets , emitt,468322, ack,0, failed,0, completeLatency,0, upTime,875_872_875_874_871_874_872_873_874_872_,Spid,querySource , emitt,0, ack,0, failed,0, completeLatency,0, upTime,873_,totall,Spid,Tweets , emitt,376856680, ack,0, failed,0, completeLatency,0, upTime,875_872_875_874_871_874_872_873_874_872_,Spid,querySource , emitt,1000000, ack,0, failed,0, completeLatency,0, upTime,873_,600,Bolt id,Tornado_index,Emitted,Tornado_index_bolt_extension_query,0,Tornado_index_bolt_extension_data,322169,,Eexecuted,querySource_default,0,Tweets_default,341141,,ExecutedstdquerySource_default,0,Tweets_default,4200.5355118772,,Eexecute_Latency,querySource_default,0,Tweets_default,0.016601753,,minup time,871,maxup time,876,Bolt id,Tornado,Emitted,_bolt_output_extension,65958,,Eexecuted,Tornado_index_Tornado_index_bolt_extension_data,272792,Tornado_index_Tornado_index_bolt_extension_query,0,,ExecutedstdTornado_index_Tornado_index_bolt_extension_data,31244.7024767278,Tornado_index_Tornado_index_bolt_extension_query,0,,Eexecute_Latency,Tornado_index_Tornado_index_bolt_extension_data,0.0072108268,Tornado_index_Tornado_index_bolt_extension_query,0,,minup time,871,maxup time,874,total,Bolt id,Tornado_index,Emitted,Tornado_index_bolt_extension_query,1006020,Tornado_index_bolt_extension_data,283762380,,Eexecuted,querySource_default,10000000,Tweets_default,300448940,,ExecutedstdquerySource_default,0,Tweets_default,2478124.34582367,,Eexecute_Latency,querySource_default,0.01511,Tweets_default,0.0134894778,,minup time,871,maxup time,876,Bolt id,Tornado,Emitted,_bolt_output_extension,52830240,,Eexecuted,Tornado_index_Tornado_index_bolt_extension_data,215932200,Tornado_index_Tornado_index_bolt_extension_query,1005980,,ExecutedstdTornado_index_Tornado_index_bolt_extension_data,21547279.039909,Tornado_index_Tornado_index_bolt_extension_query,116595.443628814,,Eexecute_Latency,Tornado_index_Tornado_index_bolt_extension_data,0.0072300756,Tornado_index_Tornado_index_bolt_extension_query,0.019954576,,minup time,871,maxup time,874
Topology Id, Tornado-48-1462235733,Number of Workers,26,600,Spid,Tweets , emitt,420953, ack,0, failed,0, completeLatency,0, upTime,935_934_935_935_932_937_934_934_935_935_,Spid,querySource , emitt,0, ack,0, failed,0, completeLatency,0, upTime,933_,totall,Spid,Tweets , emitt,391861340, ack,0, failed,0, completeLatency,0, upTime,935_934_935_935_932_937_934_934_935_935_,Spid,querySource , emitt,1000000, ack,0, failed,0, completeLatency,0, upTime,933_,600,Bolt id,Tornado_index,Emitted,Tornado_index_bolt_extension_query,0,Tornado_index_bolt_extension_data,286941,,Eexecuted,querySource_default,0,Tweets_default,303884,,ExecutedstdquerySource_default,0,Tweets_default,5104.63593097,,Eexecute_Latency,querySource_default,0,Tweets_default,0.0193958848,,minup time,934,maxup time,937,Bolt id,Tornado,Emitted,_bolt_output_extension,62535,,Eexecuted,Tornado_index_Tornado_index_bolt_extension_data,260107,Tornado_index_Tornado_index_bolt_extension_query,0,,ExecutedstdTornado_index_Tornado_index_bolt_extension_data,32041.7331334756,Tornado_index_Tornado_index_bolt_extension_query,0,,Eexecute_Latency,Tornado_index_Tornado_index_bolt_extension_data,0.0072301184,Tornado_index_Tornado_index_bolt_extension_query,0,,minup time,934,maxup time,937,total,Bolt id,Tornado_index,Emitted,Tornado_index_bolt_extension_query,1006020,Tornado_index_bolt_extension_data,298026500,,Eexecuted,querySource_default,10000000,Tweets_default,315542680,,ExecutedstdquerySource_default,0,Tweets_default,3044386.66097722,,Eexecute_Latency,querySource_default,0.01511,Tweets_default,0.0138667675,,minup time,934,maxup time,937,Bolt id,Tornado,Emitted,_bolt_output_extension,56149920,,Eexecuted,Tornado_index_Tornado_index_bolt_extension_data,229797040,Tornado_index_Tornado_index_bolt_extension_query,1005980,,ExecutedstdTornado_index_Tornado_index_bolt_extension_data,23351810.2141397,Tornado_index_Tornado_index_bolt_extension_query,116595.443628814,,Eexecute_Latency,Tornado_index_Tornado_index_bolt_extension_data,0.0072226998,Tornado_index_Tornado_index_bolt_extension_query,0.019954576,,minup time,934,maxup time,937
Topology Id, Tornado-48-1462235733,Number of Workers,26,600,Spid,Tweets , emitt,368858, ack,0, failed,0, completeLatency,0, upTime,997_994_998_999_993_999_996_997_999_999_,Spid,querySource , emitt,0, ack,0, failed,0, completeLatency,0, upTime,996_,totall,Spid,Tweets , emitt,407570040, ack,0, failed,0, completeLatency,0, upTime,997_994_998_999_993_999_996_997_999_999_,Spid,querySource , emitt,1000000, ack,0, failed,0, completeLatency,0, upTime,996_,600,Bolt id,Tornado_index,Emitted,Tornado_index_bolt_extension_query,0,Tornado_index_bolt_extension_data,268105,,Eexecuted,querySource_default,0,Tweets_default,283839,,ExecutedstdquerySource_default,0,Tweets_default,6757.1767650869,,Eexecute_Latency,querySource_default,0,Tweets_default,0.0214570126,,minup time,994,maxup time,998,Bolt id,Tornado,Emitted,_bolt_output_extension,60514,,Eexecuted,Tornado_index_Tornado_index_bolt_extension_data,252591,Tornado_index_Tornado_index_bolt_extension_query,0,,ExecutedstdTornado_index_Tornado_index_bolt_extension_data,32075.446024975,Tornado_index_Tornado_index_bolt_extension_query,0,,Eexecute_Latency,Tornado_index_Tornado_index_bolt_extension_data,0.0071842819,Tornado_index_Tornado_index_bolt_extension_query,0,,minup time,994,maxup time,997,total,Bolt id,Tornado_index,Emitted,Tornado_index_bolt_extension_query,1006020,Tornado_index_bolt_extension_data,313028700,,Eexecuted,querySource_default,10000000,Tweets_default,331404580,,ExecutedstdquerySource_default,0,Tweets_default,3978231.18719312,,Eexecute_Latency,querySource_default,0.01511,Tweets_default,0.0143149392,,minup time,994,maxup time,998,Bolt id,Tornado,Emitted,_bolt_output_extension,59800360,,Eexecuted,Tornado_index_Tornado_index_bolt_extension_data,245078720,Tornado_index_Tornado_index_bolt_extension_query,1005980,,ExecutedstdTornado_index_Tornado_index_bolt_extension_data,25358376.6307625,Tornado_index_Tornado_index_bolt_extension_query,116595.443628814,,Eexecute_Latency,Tornado_index_Tornado_index_bolt_extension_data,0.0072136003,Tornado_index_Tornado_index_bolt_extension_query,0.019954576,,minup time,994,maxup time,997
Topology Id, Tornado-48-1462235733,Number of Workers,26,600,Spid,Tweets , emitt,320521, ack,0, failed,0, completeLatency,0, upTime,1057_1056_1059_1058_1055_1059_1058_1056_1058_1057_,Spid,querySource , emitt,0, ack,0, failed,0, completeLatency,0, upTime,1056_,totall,Spid,Tweets , emitt,422913800, ack,0, failed,0, completeLatency,0, upTime,1057_1056_1059_1058_1055_1059_1058_1056_1058_1057_,Spid,querySource , emitt,1000000, ack,0, failed,0, completeLatency,0, upTime,1056_,600,Bolt id,Tornado_index,Emitted,Tornado_index_bolt_extension_query,0,Tornado_index_bolt_extension_data,256948,,Eexecuted,querySource_default,0,Tweets_default,271970,,ExecutedstdquerySource_default,0,Tweets_default,8789.4831770717,,Eexecute_Latency,querySource_default,0,Tweets_default,0.0235835741,,minup time,1056,maxup time,1060,Bolt id,Tornado,Emitted,_bolt_output_extension,59081,,Eexecuted,Tornado_index_Tornado_index_bolt_extension_data,247055,Tornado_index_Tornado_index_bolt_extension_query,0,,ExecutedstdTornado_index_Tornado_index_bolt_extension_data,32031.2035364807,Tornado_index_Tornado_index_bolt_extension_query,0,,Eexecute_Latency,Tornado_index_Tornado_index_bolt_extension_data,0.0071437115,Tornado_index_Tornado_index_bolt_extension_query,0,,minup time,1057,maxup time,1057,total,Bolt id,Tornado_index,Emitted,Tornado_index_bolt_extension_query,1006020,Tornado_index_bolt_extension_data,328254760,,Eexecuted,querySource_default,10000000,Tweets_default,347510920,,ExecutedstdquerySource_default,0,Tweets_default,5287871.1288094,,Eexecute_Latency,querySource_default,0.01511,Tweets_default,0.0149295456,,minup time,1056,maxup time,1060,Bolt id,Tornado,Emitted,_bolt_output_extension,63405700,,Eexecuted,Tornado_index_Tornado_index_bolt_extension_data,260179220,Tornado_index_Tornado_index_bolt_extension_query,1005980,,ExecutedstdTornado_index_Tornado_index_bolt_extension_data,27432973.8112126,Tornado_index_Tornado_index_bolt_extension_query,116595.443628814,,Eexecute_Latency,Tornado_index_Tornado_index_bolt_extension_data,0.0072099134,Tornado_index_Tornado_index_bolt_extension_query,0.019954576,,minup time,1057,maxup time,1057
,,,,,,,,,,,,,,,,,,,,,,,,,,,,,,,,,,,,,,,,,,,,,,,,,,,,,,,,,,,,,,,,,,,,,,,,,,,,,,,,,,,,,,,,,,,,,,,,,,,,,,,,,,,,,,,,,,,,,,,,,,,,,,,,,,,,,,,,,,,,,,,,,,,,,,,,,,,,,,,,,,,,,,,
numberOfackers,0,evaluatorParrellism,9,routingParrellism,10,spoutParallesim,10,numberOfQueryKeywords,3,numberOfQueries,2500000,spatialRange,5,localIndexType,HYBRID_GRID,globalIndexType,PARTITIONED_TEXT_AWARE,,,,,,,,,,,,,,,,,,,,,,,,,,,,,,,,,,,,,,,,,,,,,,,,,,,,,,,,,,,,,,,,,,,,,,,,,,,,,,,,,,,,,,,,,,,,,,,,,,,,,,,,,,,,,,,,,,,,,,,,,,,,,,,,,,,,,,,,,,,,,,,,,,,,,,
Topology Id, Tornado-49-1462236882,Number of Workers,31,600,Spid,Tweets , emitt,612663, ack,0, failed,0, completeLatency,0, upTime,933_940_938_940_934_940_937_937_940_938_,Spid,querySource , emitt,0, ack,0, failed,0, completeLatency,0, upTime,937_,totall,Spid,Tweets , emitt,424248540, ack,0, failed,0, completeLatency,0, upTime,933_940_938_940_934_940_937_937_940_938_,Spid,querySource , emitt,2500020, ack,0, failed,0, completeLatency,0, upTime,937_,600,Bolt id,Tornado_index,Emitted,Tornado_index_bolt_extension_query,0,Tornado_index_bolt_extension_data,580144,,Eexecuted,querySource_default,0,Tweets_default,612439,,ExecutedstdquerySource_default,0,Tweets_default,440.4623770645,,Eexecute_Latency,querySource_default,0,Tweets_default,0.0053873014,,minup time,938,maxup time,941,Bolt id,Tornado,Emitted,_bolt_output_extension,189981,,Eexecuted,Tornado_index_Tornado_index_bolt_extension_data,545126,Tornado_index_Tornado_index_bolt_extension_query,0,,ExecutedstdTornado_index_Tornado_index_bolt_extension_data,39470.9440579814,Tornado_index_Tornado_index_bolt_extension_query,0,,Eexecute_Latency,Tornado_index_Tornado_index_bolt_extension_data,0.0210583366,Tornado_index_Tornado_index_bolt_extension_query,0,,minup time,934,maxup time,939,total,Bolt id,Tornado_index,Emitted,Tornado_index_bolt_extension_query,2532480,Tornado_index_bolt_extension_data,401879220,,Eexecuted,querySource_default,25000000,Tweets_default,424243400,,ExecutedstdquerySource_default,0,Tweets_default,290364.899807122,,Eexecute_Latency,querySource_default,0.0147824,Tweets_default,0.0054039534,,minup time,938,maxup time,941,Bolt id,Tornado,Emitted,_bolt_output_extension,131558080,,Eexecuted,Tornado_index_Tornado_index_bolt_extension_data,377374360,Tornado_index_Tornado_index_bolt_extension_query,2532480,,ExecutedstdTornado_index_Tornado_index_bolt_extension_data,27359862.388471,Tornado_index_Tornado_index_bolt_extension_query,178298.37962746,,Eexecute_Latency,Tornado_index_Tornado_index_bolt_extension_data,0.0211132483,Tornado_index_Tornado_index_bolt_extension_query,0.0294087492,,minup time,934,maxup time,939
Topology Id, Tornado-49-1462236882,Number of Workers,31,600,Spid,Tweets , emitt,612668, ack,0, failed,0, completeLatency,0, upTime,996_1000_1001_1003_997_1000_1001_1001_1000_1001_,Spid,querySource , emitt,0, ack,0, failed,0, completeLatency,0, upTime,1000_,totall,Spid,Tweets , emitt,462361360, ack,0, failed,0, completeLatency,0, upTime,996_1000_1001_1003_997_1000_1001_1001_1000_1001_,Spid,querySource , emitt,2500020, ack,0, failed,0, completeLatency,0, upTime,1000_,600,Bolt id,Tornado_index,Emitted,Tornado_index_bolt_extension_query,0,Tornado_index_bolt_extension_data,580107,,Eexecuted,querySource_default,0,Tweets_default,612405,,ExecutedstdquerySource_default,0,Tweets_default,474.4776004685,,Eexecute_Latency,querySource_default,0,Tweets_default,0.0053589891,,minup time,1000,maxup time,1004,Bolt id,Tornado,Emitted,_bolt_output_extension,189653,,Eexecuted,Tornado_index_Tornado_index_bolt_extension_data,544784,Tornado_index_Tornado_index_bolt_extension_query,0,,ExecutedstdTornado_index_Tornado_index_bolt_extension_data,39465.6523781707,Tornado_index_Tornado_index_bolt_extension_query,0,,Eexecute_Latency,Tornado_index_Tornado_index_bolt_extension_data,0.0211664793,Tornado_index_Tornado_index_bolt_extension_query,0,,minup time,995,maxup time,1001,total,Bolt id,Tornado_index,Emitted,Tornado_index_bolt_extension_query,2532480,Tornado_index_bolt_extension_data,437999900,,Eexecuted,querySource_default,25000000,Tweets_default,462371740,,ExecutedstdquerySource_default,0,Tweets_default,340593.652912088,,Eexecute_Latency,querySource_default,0.0147824,Tweets_default,0.0053859255,,minup time,1000,maxup time,1004,Bolt id,Tornado,Emitted,_bolt_output_extension,143329560,,Eexecuted,Tornado_index_Tornado_index_bolt_extension_data,411139960,Tornado_index_Tornado_index_bolt_extension_query,2532480,,ExecutedstdTornado_index_Tornado_index_bolt_extension_data,29792088.7617284,Tornado_index_Tornado_index_bolt_extension_query,178298.37962746,,Eexecute_Latency,Tornado_index_Tornado_index_bolt_extension_data,0.0211197504,Tornado_index_Tornado_index_bolt_extension_query,0.0294087492,,minup time,995,maxup time,1001
Topology Id, Tornado-49-1462236882,Number of Workers,31,600,Spid,Tweets , emitt,613382, ack,0, failed,0, completeLatency,0, upTime,1059_1064_1061_1063_1057_1063_1061_1061_1063_1061_,Spid,querySource , emitt,0, ack,0, failed,0, completeLatency,0, upTime,1063_,totall,Spid,Tweets , emitt,500221860, ack,0, failed,0, completeLatency,0, upTime,1059_1064_1061_1063_1057_1063_1061_1061_1063_1061_,Spid,querySource , emitt,2500020, ack,0, failed,0, completeLatency,0, upTime,1063_,600,Bolt id,Tornado_index,Emitted,Tornado_index_bolt_extension_query,0,Tornado_index_bolt_extension_data,580924,,Eexecuted,querySource_default,0,Tweets_default,613297,,ExecutedstdquerySource_default,0,Tweets_default,536.4159381136,,Eexecute_Latency,querySource_default,0,Tweets_default,0.0054263547,,minup time,1061,maxup time,1064,Bolt id,Tornado,Emitted,_bolt_output_extension,189892,,Eexecuted,Tornado_index_Tornado_index_bolt_extension_data,545341,Tornado_index_Tornado_index_bolt_extension_query,0,,ExecutedstdTornado_index_Tornado_index_bolt_extension_data,39494.0729130976,Tornado_index_Tornado_index_bolt_extension_query,0,,Eexecute_Latency,Tornado_index_Tornado_index_bolt_extension_data,0.0211092606,Tornado_index_Tornado_index_bolt_extension_query,0,,minup time,1058,maxup time,1063,total,Bolt id,Tornado_index,Emitted,Tornado_index_bolt_extension_query,2532480,Tornado_index_bolt_extension_data,473488380,,Eexecuted,querySource_default,25000000,Tweets_default,499832440,,ExecutedstdquerySource_default,0,Tweets_default,352668.127939002,,Eexecute_Latency,querySource_default,0.0147824,Tweets_default,0.0054493208,,minup time,1061,maxup time,1064,Bolt id,Tornado,Emitted,_bolt_output_extension,155170520,,Eexecuted,Tornado_index_Tornado_index_bolt_extension_data,445015520,Tornado_index_Tornado_index_bolt_extension_query,2532480,,ExecutedstdTornado_index_Tornado_index_bolt_extension_data,32238503.0824118,Tornado_index_Tornado_index_bolt_extension_query,178298.37962746,,Eexecute_Latency,Tornado_index_Tornado_index_bolt_extension_data,0.021144172,Tornado_index_Tornado_index_bolt_extension_query,0.0294087492,,minup time,1058,maxup time,1063
Topology Id, Tornado-49-1462236882,Number of Workers,31,600,Spid,Tweets , emitt,614183, ack,0, failed,0, completeLatency,0, upTime,1120_1124_1124_1126_1120_1124_1124_1124_1123_1124_,Spid,querySource , emitt,0, ack,0, failed,0, completeLatency,0, upTime,1123_,totall,Spid,Tweets , emitt,538003320, ack,0, failed,0, completeLatency,0, upTime,1120_1124_1124_1126_1120_1124_1124_1124_1123_1124_,Spid,querySource , emitt,2500020, ack,0, failed,0, completeLatency,0, upTime,1123_,600,Bolt id,Tornado_index,Emitted,Tornado_index_bolt_extension_query,0,Tornado_index_bolt_extension_data,581583,,Eexecuted,querySource_default,0,Tweets_default,613987,,ExecutedstdquerySource_default,0,Tweets_default,571.9320603321,,Eexecute_Latency,querySource_default,0,Tweets_default,0.0053931859,,minup time,1123,maxup time,1127,Bolt id,Tornado,Emitted,_bolt_output_extension,189843,,Eexecuted,Tornado_index_Tornado_index_bolt_extension_data,545098,Tornado_index_Tornado_index_bolt_extension_query,0,,ExecutedstdTornado_index_Tornado_index_bolt_extension_data,39462.1500556078,Tornado_index_Tornado_index_bolt_extension_query,0,,Eexecute_Latency,Tornado_index_Tornado_index_bolt_extension_data,0.021023471,Tornado_index_Tornado_index_bolt_extension_query,0,,minup time,1118,maxup time,1125,total,Bolt id,Tornado_index,Emitted,Tornado_index_bolt_extension_query,2532480,Tornado_index_bolt_extension_data,509477820,,Eexecuted,querySource_default,25000000,Tweets_default,537842780,,ExecutedstdquerySource_default,0,Tweets_default,338444.265361374,,Eexecute_Latency,querySource_default,0.0147824,Tweets_default,0.0054290219,,minup time,1123,maxup time,1127,Bolt id,Tornado,Emitted,_bolt_output_extension,166712620,,Eexecuted,Tornado_index_Tornado_index_bolt_extension_data,478336240,Tornado_index_Tornado_index_bolt_extension_query,2532480,,ExecutedstdTornado_index_Tornado_index_bolt_extension_data,34657989.6901942,Tornado_index_Tornado_index_bolt_extension_query,178298.37962746,,Eexecute_Latency,Tornado_index_Tornado_index_bolt_extension_data,0.021144373,Tornado_index_Tornado_index_bolt_extension_query,0.0294087492,,minup time,1118,maxup time,1125
,,,,,,,,,,,,,,,,,,,,,,,,,,,,,,,,,,,,,,,,,,,,,,,,,,,,,,,,,,,,,,,,,,,,,,,,,,,,,,,,,,,,,,,,,,,,,,,,,,,,,,,,,,,,,,,,,,,,,,,,,,,,,,,,,,,,,,,,,,,,,,,,,,,,,,,,,,,,,,,,,,,,,,,
PartitonedTextAWAREGlobalGridLocal5MillionBP,-,-,-,-,-,-,-,-,-,-,-,-,-,-,-,-,-,-,-,-,-,-,-,-,-,-,-,-,-,-,-,-,-,-,,,,,,,,,,,,,,,,,,,,,,,,,,,,,,,,,,,,,,,,,,,,,,,,,,,,,,,,,,,,,,,,,,,,,,,,,,,,,,,,,,,,,,,,,,,,,,,,,,,,,,,,,,,,,,,,,,,,,,,,,,,,,,,,,,,,,
numberOfackers,0,evaluatorParrellism,4,routingParrellism,10,spoutParallesim,10,numberOfQueryKeywords,3,numberOfQueries,1000000,spatialRange,5,localIndexType,HYBRID_GRID,globalIndexType,PARTITIONED_TEXT_AWARE,,,,,,,,,,,,,,,,,,,,,,,,,,,,,,,,,,,,,,,,,,,,,,,,,,,,,,,,,,,,,,,,,,,,,,,,,,,,,,,,,,,,,,,,,,,,,,,,,,,,,,,,,,,,,,,,,,,,,,,,,,,,,,,,,,,,,,,,,,,,,,,,,,,,,,
Topology Id, Tornado-63-1462267078,Number of Workers,26,600,Spid,Tweets , emitt,464241, ack,0, failed,0, completeLatency,0, upTime,883_882_884_885_878_885_884_881_885_884_,Spid,querySource , emitt,0, ack,0, failed,0, completeLatency,0, upTime,885_,totall,Spid,Tweets , emitt,381265000, ack,0, failed,0, completeLatency,0, upTime,883_882_884_885_878_885_884_881_885_884_,Spid,querySource , emitt,1000000, ack,0, failed,0, completeLatency,0, upTime,885_,600,Bolt id,Tornado_index,Emitted,Tornado_index_bolt_extension_query,0,Tornado_index_bolt_extension_data,320787,,Eexecuted,querySource_default,0,Tweets_default,339674,,ExecutedstdquerySource_default,0,Tweets_default,5102.9812395547,,Eexecute_Latency,querySource_default,0,Tweets_default,0.0162870451,,minup time,879,maxup time,887,Bolt id,Tornado,Emitted,_bolt_output_extension,67072,,Eexecuted,Tornado_index_Tornado_index_bolt_extension_data,276603,Tornado_index_Tornado_index_bolt_extension_query,0,,ExecutedstdTornado_index_Tornado_index_bolt_extension_data,32874.855674205,Tornado_index_Tornado_index_bolt_extension_query,0,,Eexecute_Latency,Tornado_index_Tornado_index_bolt_extension_data,0.0076317349,Tornado_index_Tornado_index_bolt_extension_query,0,,minup time,880,maxup time,883,total,Bolt id,Tornado_index,Emitted,Tornado_index_bolt_extension_query,1006040,Tornado_index_bolt_extension_data,289535180,,Eexecuted,querySource_default,10000000,Tweets_default,306549980,,ExecutedstdquerySource_default,0,Tweets_default,3039251.48422371,,Eexecute_Latency,querySource_default,0.016186,Tweets_default,0.0132665464,,minup time,879,maxup time,887,Bolt id,Tornado,Emitted,_bolt_output_extension,54568940,,Eexecuted,Tornado_index_Tornado_index_bolt_extension_data,222492560,Tornado_index_Tornado_index_bolt_extension_query,1006020,,ExecutedstdTornado_index_Tornado_index_bolt_extension_data,23162478.5044563,Tornado_index_Tornado_index_bolt_extension_query,116595.406749151,,Eexecute_Latency,Tornado_index_Tornado_index_bolt_extension_data,0.007608111,Tornado_index_Tornado_index_bolt_extension_query,0.0172613381,,minup time,880,maxup time,883
Topology Id, Tornado-63-1462267078,Number of Workers,26,600,Spid,Tweets , emitt,418332, ack,0, failed,0, completeLatency,0, upTime,941_943_946_947_940_948_947_943_947_948_,Spid,querySource , emitt,0, ack,0, failed,0, completeLatency,0, upTime,945_,totall,Spid,Tweets , emitt,397776800, ack,0, failed,0, completeLatency,0, upTime,941_943_946_947_940_948_947_943_947_948_,Spid,querySource , emitt,1000000, ack,0, failed,0, completeLatency,0, upTime,945_,600,Bolt id,Tornado_index,Emitted,Tornado_index_bolt_extension_query,0,Tornado_index_bolt_extension_data,290294,,Eexecuted,querySource_default,0,Tweets_default,307411,,ExecutedstdquerySource_default,0,Tweets_default,6787.4386916326,,Eexecute_Latency,querySource_default,0,Tweets_default,0.0196053451,,minup time,941,maxup time,949,Bolt id,Tornado,Emitted,_bolt_output_extension,64043,,Eexecuted,Tornado_index_Tornado_index_bolt_extension_data,265704,Tornado_index_Tornado_index_bolt_extension_query,0,,ExecutedstdTornado_index_Tornado_index_bolt_extension_data,33521.0075527378,Tornado_index_Tornado_index_bolt_extension_query,0,,Eexecute_Latency,Tornado_index_Tornado_index_bolt_extension_data,0.0076981658,Tornado_index_Tornado_index_bolt_extension_query,0,,minup time,940,maxup time,944,total,Bolt id,Tornado_index,Emitted,Tornado_index_bolt_extension_query,1006040,Tornado_index_bolt_extension_data,305391900,,Eexecuted,querySource_default,10000000,Tweets_default,323337540,,ExecutedstdquerySource_default,0,Tweets_default,4004627.07953737,,Eexecute_Latency,querySource_default,0.016186,Tweets_default,0.0138409116,,minup time,941,maxup time,949,Bolt id,Tornado,Emitted,_bolt_output_extension,58183460,,Eexecuted,Tornado_index_Tornado_index_bolt_extension_data,237592640,Tornado_index_Tornado_index_bolt_extension_query,1006020,,ExecutedstdTornado_index_Tornado_index_bolt_extension_data,25039467.5264751,Tornado_index_Tornado_index_bolt_extension_query,116595.406749151,,Eexecute_Latency,Tornado_index_Tornado_index_bolt_extension_data,0.007592111,Tornado_index_Tornado_index_bolt_extension_query,0.0172613381,,minup time,940,maxup time,944
Topology Id, Tornado-63-1462267078,Number of Workers,26,600,Spid,Tweets , emitt,369684, ack,0, failed,0, completeLatency,0, upTime,1003_1002_1010_1008_1001_1009_1007_1002_1009_1009_,Spid,querySource , emitt,0, ack,0, failed,0, completeLatency,0, upTime,1006_,totall,Spid,Tweets , emitt,413838540, ack,0, failed,0, completeLatency,0, upTime,1003_1002_1010_1008_1001_1009_1007_1002_1009_1009_,Spid,querySource , emitt,1000000, ack,0, failed,0, completeLatency,0, upTime,1006_,600,Bolt id,Tornado_index,Emitted,Tornado_index_bolt_extension_query,0,Tornado_index_bolt_extension_data,272989,,Eexecuted,querySource_default,0,Tweets_default,289031,,ExecutedstdquerySource_default,0,Tweets_default,8668.267863106,,Eexecute_Latency,querySource_default,0,Tweets_default,0.0212524741,,minup time,1001,maxup time,1010,Bolt id,Tornado,Emitted,_bolt_output_extension,62138,,Eexecuted,Tornado_index_Tornado_index_bolt_extension_data,258761,Tornado_index_Tornado_index_bolt_extension_query,0,,ExecutedstdTornado_index_Tornado_index_bolt_extension_data,33551.3288956454,Tornado_index_Tornado_index_bolt_extension_query,0,,Eexecute_Latency,Tornado_index_Tornado_index_bolt_extension_data,0.0076854614,Tornado_index_Tornado_index_bolt_extension_query,0,,minup time,1003,maxup time,1004,total,Bolt id,Tornado_index,Emitted,Tornado_index_bolt_extension_query,1006040,Tornado_index_bolt_extension_data,320514480,,Eexecuted,querySource_default,10000000,Tweets_default,339340480,,ExecutedstdquerySource_default,0,Tweets_default,5185754.71445536,,Eexecute_Latency,querySource_default,0.016186,Tweets_default,0.0141362119,,minup time,1001,maxup time,1010,Bolt id,Tornado,Emitted,_bolt_output_extension,61884340,,Eexecuted,Tornado_index_Tornado_index_bolt_extension_data,253135580,Tornado_index_Tornado_index_bolt_extension_query,1006020,,ExecutedstdTornado_index_Tornado_index_bolt_extension_data,27152859.296952,Tornado_index_Tornado_index_bolt_extension_query,116595.406749151,,Eexecute_Latency,Tornado_index_Tornado_index_bolt_extension_data,0.0075920226,Tornado_index_Tornado_index_bolt_extension_query,0.0172613381,,minup time,1003,maxup time,1004
Topology Id, Tornado-63-1462267078,Number of Workers,26,600,Spid,Tweets , emitt,329420, ack,0, failed,0, completeLatency,0, upTime,1055_1055_1059_1060_1051_1061_1060_1056_1060_1060_,Spid,querySource , emitt,0, ack,0, failed,0, completeLatency,0, upTime,1060_,totall,Spid,Tweets , emitt,427105460, ack,0, failed,0, completeLatency,0, upTime,1055_1055_1059_1060_1051_1061_1060_1056_1060_1060_,Spid,querySource , emitt,1000000, ack,0, failed,0, completeLatency,0, upTime,1060_,600,Bolt id,Tornado_index,Emitted,Tornado_index_bolt_extension_query,0,Tornado_index_bolt_extension_data,263708,,Eexecuted,querySource_default,0,Tweets_default,279156,,ExecutedstdquerySource_default,0,Tweets_default,10333.4331660401,,Eexecute_Latency,querySource_default,0,Tweets_default,0.0235272773,,minup time,1051,maxup time,1061,Bolt id,Tornado,Emitted,_bolt_output_extension,60861,,Eexecuted,Tornado_index_Tornado_index_bolt_extension_data,253791,Tornado_index_Tornado_index_bolt_extension_query,0,,ExecutedstdTornado_index_Tornado_index_bolt_extension_data,33383.4989512592,Tornado_index_Tornado_index_bolt_extension_query,0,,Eexecute_Latency,Tornado_index_Tornado_index_bolt_extension_data,0.0076257088,Tornado_index_Tornado_index_bolt_extension_query,0,,minup time,1054,maxup time,1057,total,Bolt id,Tornado_index,Emitted,Tornado_index_bolt_extension_query,1006040,Tornado_index_bolt_extension_data,333035380,,Eexecuted,querySource_default,10000000,Tweets_default,352582800,,ExecutedstdquerySource_default,0,Tweets_default,6372657.17533275,,Eexecute_Latency,querySource_default,0.016186,Tweets_default,0.014406765,,minup time,1051,maxup time,1061,Bolt id,Tornado,Emitted,_bolt_output_extension,65035100,,Eexecuted,Tornado_index_Tornado_index_bolt_extension_data,266271280,Tornado_index_Tornado_index_bolt_extension_query,1006020,,ExecutedstdTornado_index_Tornado_index_bolt_extension_data,29027787.1177188,Tornado_index_Tornado_index_bolt_extension_query,116595.406749151,,Eexecute_Latency,Tornado_index_Tornado_index_bolt_extension_data,0.0075639639,Tornado_index_Tornado_index_bolt_extension_query,0.0172613381,,minup time,1054,maxup time,1057
,,,,,,,,393800.083333333,,,,,,,,,,,,,,,,,,,,,,,,,,,,,,,,,,,,,,,,,,,,,,,,,,,,,,,,,,,,,,,,,,,,,,,,,,,,,,,,,,,,,,,,,,,,,,,,,,,,,,,,,,,,,,,,,,,,,,,,,,,,,,,,,,,,,,,,,,,,,,,,,,,,,,,,,,,,,,,
numberOfackers,0,evaluatorParrellism,9,routingParrellism,10,spoutParallesim,10,numberOfQueryKeywords,3,numberOfQueries,2500000,spatialRange,5,localIndexType,HYBRID_GRID,globalIndexType,PARTITIONED_TEXT_AWARE,,,,,,,,,,,,,,,,,,,,,,,,,,,,,,,,,,,,,,,,,,,,,,,,,,,,,,,,,,,,,,,,,,,,,,,,,,,,,,,,,,,,,,,,,,,,,,,,,,,,,,,,,,,,,,,,,,,,,,,,,,,,,,,,,,,,,,,,,,,,,,,,,,,,,,
Topology Id, Tornado-64-1462268227,Number of Workers,31,600,Spid,Tweets , emitt,605480, ack,0, failed,0, completeLatency,0, upTime,936_939_940_943_936_940_940_940_940_940_,Spid,querySource , emitt,0, ack,0, failed,0, completeLatency,0, upTime,939_,totall,Spid,Tweets , emitt,420038000, ack,0, failed,0, completeLatency,0, upTime,936_939_940_943_936_940_940_940_940_940_,Spid,querySource , emitt,2500020, ack,0, failed,0, completeLatency,0, upTime,939_,600,Bolt id,Tornado_index,Emitted,Tornado_index_bolt_extension_query,0,Tornado_index_bolt_extension_data,573215,,Eexecuted,querySource_default,0,Tweets_default,605125,,ExecutedstdquerySource_default,0,Tweets_default,381.7041516132,,Eexecute_Latency,querySource_default,0,Tweets_default,0.0055347913,,minup time,940,maxup time,943,Bolt id,Tornado,Emitted,_bolt_output_extension,188517,,Eexecuted,Tornado_index_Tornado_index_bolt_extension_data,541421,Tornado_index_Tornado_index_bolt_extension_query,0,,ExecutedstdTornado_index_Tornado_index_bolt_extension_data,39104.3213818644,Tornado_index_Tornado_index_bolt_extension_query,0,,Eexecute_Latency,Tornado_index_Tornado_index_bolt_extension_data,0.0211790776,Tornado_index_Tornado_index_bolt_extension_query,0,,minup time,937,maxup time,941,total,Bolt id,Tornado_index,Emitted,Tornado_index_bolt_extension_query,2532380,Tornado_index_bolt_extension_data,397933400,,Eexecuted,querySource_default,25000000,Tweets_default,420075540,,ExecutedstdquerySource_default,0,Tweets_default,225378.718613803,,Eexecute_Latency,querySource_default,0.0142728,Tweets_default,0.0055382353,,minup time,940,maxup time,943,Bolt id,Tornado,Emitted,_bolt_output_extension,131001980,,Eexecuted,Tornado_index_Tornado_index_bolt_extension_data,376108140,Tornado_index_Tornado_index_bolt_extension_query,2532460,,ExecutedstdTornado_index_Tornado_index_bolt_extension_data,27219800.9057802,Tornado_index_Tornado_index_bolt_extension_query,178296.920588545,,Eexecute_Latency,Tornado_index_Tornado_index_bolt_extension_data,0.0214344171,Tornado_index_Tornado_index_bolt_extension_query,0.0275756814,,minup time,937,maxup time,941
Topology Id, Tornado-64-1462268227,Number of Workers,31,600,Spid,Tweets , emitt,607400, ack,0, failed,0, completeLatency,0, upTime,999_1002_1003_1006_1000_1003_1004_1003_1003_1004_,Spid,querySource , emitt,0, ack,0, failed,0, completeLatency,0, upTime,1003_,totall,Spid,Tweets , emitt,458716560, ack,0, failed,0, completeLatency,0, upTime,999_1002_1003_1006_1000_1003_1004_1003_1003_1004_,Spid,querySource , emitt,2500020, ack,0, failed,0, completeLatency,0, upTime,1003_,600,Bolt id,Tornado_index,Emitted,Tornado_index_bolt_extension_query,0,Tornado_index_bolt_extension_data,575548,,Eexecuted,querySource_default,0,Tweets_default,607615,,ExecutedstdquerySource_default,0,Tweets_default,424.7012654668,,Eexecute_Latency,querySource_default,0,Tweets_default,0.0055043548,,minup time,1001,maxup time,1005,Bolt id,Tornado,Emitted,_bolt_output_extension,188832,,Eexecuted,Tornado_index_Tornado_index_bolt_extension_data,542708,Tornado_index_Tornado_index_bolt_extension_query,0,,ExecutedstdTornado_index_Tornado_index_bolt_extension_data,39180.3957248238,Tornado_index_Tornado_index_bolt_extension_query,0,,Eexecute_Latency,Tornado_index_Tornado_index_bolt_extension_data,0.0210875927,Tornado_index_Tornado_index_bolt_extension_query,0,,minup time,997,maxup time,1004,total,Bolt id,Tornado_index,Emitted,Tornado_index_bolt_extension_query,2532380,Tornado_index_bolt_extension_data,433884520,,Eexecuted,querySource_default,25000000,Tweets_default,458042920,,ExecutedstdquerySource_default,0,Tweets_default,280323.69891966,,Eexecute_Latency,querySource_default,0.0142728,Tweets_default,0.0055290809,,minup time,1001,maxup time,1005,Bolt id,Tornado,Emitted,_bolt_output_extension,142795200,,Eexecuted,Tornado_index_Tornado_index_bolt_extension_data,409894440,Tornado_index_Tornado_index_bolt_extension_query,2532460,,ExecutedstdTornado_index_Tornado_index_bolt_extension_data,29653501.715682,Tornado_index_Tornado_index_bolt_extension_query,178296.920588545,,Eexecute_Latency,Tornado_index_Tornado_index_bolt_extension_data,0.0214461015,Tornado_index_Tornado_index_bolt_extension_query,0.0275756814,,minup time,997,maxup time,1004
Topology Id, Tornado-64-1462268227,Number of Workers,31,600,Spid,Tweets , emitt,609709, ack,0, failed,0, completeLatency,0, upTime,1060_1063_1066_1066_1060_1063_1064_1063_1063_1064_,Spid,querySource , emitt,0, ack,0, failed,0, completeLatency,0, upTime,1066_,totall,Spid,Tweets , emitt,496076880, ack,0, failed,0, completeLatency,0, upTime,1060_1063_1066_1066_1060_1063_1064_1063_1063_1064_,Spid,querySource , emitt,2500020, ack,0, failed,0, completeLatency,0, upTime,1066_,600,Bolt id,Tornado_index,Emitted,Tornado_index_bolt_extension_query,0,Tornado_index_bolt_extension_data,577611,,Eexecuted,querySource_default,0,Tweets_default,609811,,ExecutedstdquerySource_default,0,Tweets_default,524.6111089183,,Eexecute_Latency,querySource_default,0,Tweets_default,0.005457092,,minup time,1063,maxup time,1067,Bolt id,Tornado,Emitted,_bolt_output_extension,189285,,Eexecuted,Tornado_index_Tornado_index_bolt_extension_data,543898,Tornado_index_Tornado_index_bolt_extension_query,0,,ExecutedstdTornado_index_Tornado_index_bolt_extension_data,39227.4799958738,Tornado_index_Tornado_index_bolt_extension_query,0,,Eexecute_Latency,Tornado_index_Tornado_index_bolt_extension_data,0.0209599242,Tornado_index_Tornado_index_bolt_extension_query,0,,minup time,1060,maxup time,1066,total,Bolt id,Tornado_index,Emitted,Tornado_index_bolt_extension_query,2532380,Tornado_index_bolt_extension_data,470166660,,Eexecuted,querySource_default,25000000,Tweets_default,496330940,,ExecutedstdquerySource_default,0,Tweets_default,344295.890193304,,Eexecute_Latency,querySource_default,0.0142728,Tweets_default,0.0055093124,,minup time,1063,maxup time,1067,Bolt id,Tornado,Emitted,_bolt_output_extension,154526280,,Eexecuted,Tornado_index_Tornado_index_bolt_extension_data,443506140,Tornado_index_Tornado_index_bolt_extension_query,2532460,,ExecutedstdTornado_index_Tornado_index_bolt_extension_data,32046046.3721634,Tornado_index_Tornado_index_bolt_extension_query,178296.920588545,,Eexecute_Latency,Tornado_index_Tornado_index_bolt_extension_data,0.021386244,Tornado_index_Tornado_index_bolt_extension_query,0.0275756814,,minup time,1060,maxup time,1066
Topology Id, Tornado-64-1462268227,Number of Workers,31,600,Spid,Tweets , emitt,610514, ack,0, failed,0, completeLatency,0, upTime,1123_1126_1126_1130_1123_1126_1127_1126_1126_1127_,Spid,querySource , emitt,0, ack,0, failed,0, completeLatency,0, upTime,1126_,totall,Spid,Tweets , emitt,534600940, ack,0, failed,0, completeLatency,0, upTime,1123_1126_1126_1130_1123_1126_1127_1126_1126_1127_,Spid,querySource , emitt,2500020, ack,0, failed,0, completeLatency,0, upTime,1126_,600,Bolt id,Tornado_index,Emitted,Tornado_index_bolt_extension_query,0,Tornado_index_bolt_extension_data,578100,,Eexecuted,querySource_default,0,Tweets_default,610308,,ExecutedstdquerySource_default,0,Tweets_default,557.5046191402,,Eexecute_Latency,querySource_default,0,Tweets_default,0.0054409846,,minup time,1126,maxup time,1130,Bolt id,Tornado,Emitted,_bolt_output_extension,189183,,Eexecuted,Tornado_index_Tornado_index_bolt_extension_data,543541,Tornado_index_Tornado_index_bolt_extension_query,0,,ExecutedstdTornado_index_Tornado_index_bolt_extension_data,39170.0878205872,Tornado_index_Tornado_index_bolt_extension_query,0,,Eexecute_Latency,Tornado_index_Tornado_index_bolt_extension_data,0.0209190386,Tornado_index_Tornado_index_bolt_extension_query,0,,minup time,1121,maxup time,1127,total,Bolt id,Tornado_index,Emitted,Tornado_index_bolt_extension_query,2532380,Tornado_index_bolt_extension_data,505846680,,Eexecuted,querySource_default,25000000,Tweets_default,534003940,,ExecutedstdquerySource_default,0,Tweets_default,385506.317359392,,Eexecute_Latency,querySource_default,0.0142728,Tweets_default,0.0055055926,,minup time,1126,maxup time,1130,Bolt id,Tornado,Emitted,_bolt_output_extension,166080920,,Eexecuted,Tornado_index_Tornado_index_bolt_extension_data,476712120,Tornado_index_Tornado_index_bolt_extension_query,2532460,,ExecutedstdTornado_index_Tornado_index_bolt_extension_data,34456660.362009,Tornado_index_Tornado_index_bolt_extension_query,178296.920588545,,Eexecute_Latency,Tornado_index_Tornado_index_bolt_extension_data,0.0213896261,Tornado_index_Tornado_index_bolt_extension_query,0.0275756814,,minup time,1121,maxup time,1127
,,,,,,,,607559.166666667,,,,,,,,,,,,,,,,,,,,,,,,,,,,,,,,,,,,,,,,,,,,,,,,,,,,,,,,,,,,,,,,,,,,,,,,,,,,,,,,,,,,,,,,,,,,,,,,,,,,,,,,,,,,,,,,,,,,,,,,,,,,,,,,,,,,,,,,,,,,,,,,,,,,,,,,,,,,,,,
PartitonedTextAWAREGlobalGridLocal5MillionBP,-,-,-,-,-,-,-,-,-,-,-,-,-,-,-,-,-,-,-,-,-,-,-,-,-,-,-,-,-,-,-,-,-,-,,,,,,,,,,,,,,,,,,,,,,,,,,,,,,,,,,,,,,,,,,,,,,,,,,,,,,,,,,,,,,,,,,,,,,,,,,,,,,,,,,,,,,,,,,,,,,,,,,,,,,,,,,,,,,,,,,,,,,,,,,,,,,,,,,,,,
numberOfackers,0,evaluatorParrellism,16,routingParrellism,10,spoutParallesim,15,numberOfQueryKeywords,3,numberOfQueries,4000000,spatialRange,5,localIndexType,HYBRID_GRID,globalIndexType,PARTITIONED_TEXT_AWARE,,,,,,,,,,,,,,,,,,,,,,,,,,,,,,,,,,,,,,,,,,,,,,,,,,,,,,,,,,,,,,,,,,,,,,,,,,,,,,,,,,,,,,,,,,,,,,,,,,,,,,,,,,,,,,,,,,,,,,,,,,,,,,,,,,,,,,,,,,,,,,,,,,,,,,
Topology Id, Tornado-66-1462289212,Number of Workers,43,600,Spid,Tweets , emitt,720639, ack,0, failed,0, completeLatency,0, upTime,1063_1063_1063_1063_1063_1064_1063_1064_1063_1063_1063_1063_1063_1063_1063_,Spid,querySource , emitt,0, ack,0, failed,0, completeLatency,0, upTime,1060_,totall,Spid,Tweets , emitt,494458700, ack,0, failed,0, completeLatency,0, upTime,1063_1063_1063_1063_1063_1064_1063_1064_1063_1063_1063_1063_1063_1063_1063_,Spid,querySource , emitt,3999980, ack,0, failed,0, completeLatency,0, upTime,1060_,600,Bolt id,Tornado_index,Emitted,Tornado_index_bolt_extension_query,0,Tornado_index_bolt_extension_data,682395,,Eexecuted,querySource_default,0,Tweets_default,720092,,ExecutedstdquerySource_default,0,Tweets_default,5360.5143828273,,Eexecute_Latency,querySource_default,0,Tweets_default,0.005179096,,minup time,1058,maxup time,1064,Bolt id,Tornado,Emitted,_bolt_output_extension,276947,,Eexecuted,Tornado_index_Tornado_index_bolt_extension_data,682158,Tornado_index_Tornado_index_bolt_extension_query,0,,ExecutedstdTornado_index_Tornado_index_bolt_extension_data,25484.1594457537,Tornado_index_Tornado_index_bolt_extension_query,0,,Eexecute_Latency,Tornado_index_Tornado_index_bolt_extension_data,0.0266123219,Tornado_index_Tornado_index_bolt_extension_query,0,,minup time,1061,maxup time,1064,total,Bolt id,Tornado_index,Emitted,Tornado_index_bolt_extension_query,4089240,Tornado_index_bolt_extension_data,468170780,,Eexecuted,querySource_default,40000000,Tweets_default,493941220,,ExecutedstdquerySource_default,0,Tweets_default,3657916.17202418,,Eexecute_Latency,querySource_default,0.015329,Tweets_default,0.0052034524,,minup time,1058,maxup time,1064,Bolt id,Tornado,Emitted,_bolt_output_extension,190321260,,Eexecuted,Tornado_index_Tornado_index_bolt_extension_data,468060080,Tornado_index_Tornado_index_bolt_extension_query,4089240,,ExecutedstdTornado_index_Tornado_index_bolt_extension_data,17464413.7771691,Tornado_index_Tornado_index_bolt_extension_query,144190.379511776,,Eexecute_Latency,Tornado_index_Tornado_index_bolt_extension_data,0.0267940648,Tornado_index_Tornado_index_bolt_extension_query,0.0344332795,,minup time,1061,maxup time,1064
Topology Id, Tornado-66-1462289212,Number of Workers,43,600,Spid,Tweets , emitt,712062, ack,0, failed,0, completeLatency,0, upTime,1123_1123_1127_1123_1126_1127_1126_1124_1123_1126_1126_1123_1127_1126_1126_,Spid,querySource , emitt,0, ack,0, failed,0, completeLatency,0, upTime,1123_,totall,Spid,Tweets , emitt,535636940, ack,0, failed,0, completeLatency,0, upTime,1123_1123_1127_1123_1126_1127_1126_1124_1123_1126_1126_1123_1127_1126_1126_,Spid,querySource , emitt,3999980, ack,0, failed,0, completeLatency,0, upTime,1123_,600,Bolt id,Tornado_index,Emitted,Tornado_index_bolt_extension_query,0,Tornado_index_bolt_extension_data,674784,,Eexecuted,querySource_default,0,Tweets_default,711856,,ExecutedstdquerySource_default,0,Tweets_default,5098.5341780068,,Eexecute_Latency,querySource_default,0,Tweets_default,0.0051536666,,minup time,1121,maxup time,1127,Bolt id,Tornado,Emitted,_bolt_output_extension,274403,,Eexecuted,Tornado_index_Tornado_index_bolt_extension_data,674882,Tornado_index_Tornado_index_bolt_extension_query,0,,ExecutedstdTornado_index_Tornado_index_bolt_extension_data,25193.6226507244,Tornado_index_Tornado_index_bolt_extension_query,0,,Eexecute_Latency,Tornado_index_Tornado_index_bolt_extension_data,0.0266883798,Tornado_index_Tornado_index_bolt_extension_query,0,,minup time,1121,maxup time,1127,total,Bolt id,Tornado_index,Emitted,Tornado_index_bolt_extension_query,4089240,Tornado_index_bolt_extension_data,507142320,,Eexecuted,querySource_default,40000000,Tweets_default,535009140,,ExecutedstdquerySource_default,0,Tweets_default,3963573.90006595,,Eexecute_Latency,querySource_default,0.015329,Tweets_default,0.005195936,,minup time,1121,maxup time,1127,Bolt id,Tornado,Emitted,_bolt_output_extension,206199240,,Eexecuted,Tornado_index_Tornado_index_bolt_extension_data,506849640,Tornado_index_Tornado_index_bolt_extension_query,4089240,,ExecutedstdTornado_index_Tornado_index_bolt_extension_data,18929267.9241695,Tornado_index_Tornado_index_bolt_extension_query,144190.379511776,,Eexecute_Latency,Tornado_index_Tornado_index_bolt_extension_data,0.026784335,Tornado_index_Tornado_index_bolt_extension_query,0.0344332795,,minup time,1121,maxup time,1127
Topology Id, Tornado-66-1462289212,Number of Workers,43,600,Spid,Tweets , emitt,714861, ack,0, failed,0, completeLatency,0, upTime,1187_1186_1187_1186_1190_1187_1186_1187_1186_1189_1186_1187_1187_1186_1186_,Spid,querySource , emitt,0, ack,0, failed,0, completeLatency,0, upTime,1183_,totall,Spid,Tweets , emitt,581236180, ack,0, failed,0, completeLatency,0, upTime,1187_1186_1187_1186_1190_1187_1186_1187_1186_1189_1186_1187_1187_1186_1186_,Spid,querySource , emitt,3999980, ack,0, failed,0, completeLatency,0, upTime,1183_,600,Bolt id,Tornado_index,Emitted,Tornado_index_bolt_extension_query,0,Tornado_index_bolt_extension_data,677301,,Eexecuted,querySource_default,0,Tweets_default,714596,,ExecutedstdquerySource_default,0,Tweets_default,5110.2760861629,,Eexecute_Latency,querySource_default,0,Tweets_default,0.0051661072,,minup time,1181,maxup time,1188,Bolt id,Tornado,Emitted,_bolt_output_extension,274728,,Eexecuted,Tornado_index_Tornado_index_bolt_extension_data,676807,Tornado_index_Tornado_index_bolt_extension_query,0,,ExecutedstdTornado_index_Tornado_index_bolt_extension_data,25277.7802799448,Tornado_index_Tornado_index_bolt_extension_query,0,,Eexecute_Latency,Tornado_index_Tornado_index_bolt_extension_data,0.0265130824,Tornado_index_Tornado_index_bolt_extension_query,0,,minup time,1184,maxup time,1188,total,Bolt id,Tornado_index,Emitted,Tornado_index_bolt_extension_query,4089240,Tornado_index_bolt_extension_data,550669020,,Eexecuted,querySource_default,40000000,Tweets_default,580959820,,ExecutedstdquerySource_default,0,Tweets_default,4305596.67051571,,Eexecute_Latency,querySource_default,0.015329,Tweets_default,0.0052026211,,minup time,1181,maxup time,1188,Bolt id,Tornado,Emitted,_bolt_output_extension,223739940,,Eexecuted,Tornado_index_Tornado_index_bolt_extension_data,550308980,Tornado_index_Tornado_index_bolt_extension_query,4089240,,ExecutedstdTornado_index_Tornado_index_bolt_extension_data,20545761.9245174,Tornado_index_Tornado_index_bolt_extension_query,144190.379511776,,Eexecute_Latency,Tornado_index_Tornado_index_bolt_extension_data,0.0266891557,Tornado_index_Tornado_index_bolt_extension_query,0.0344332795,,minup time,1184,maxup time,1188
Topology Id, Tornado-66-1462289212,Number of Workers,43,600,Spid,Tweets , emitt,705827, ack,0, failed,0, completeLatency,0, upTime,1247_1247_1250_1247_1250_1250_1250_1247_1247_1249_1249_1247_1250_1249_1249_,Spid,querySource , emitt,0, ack,0, failed,0, completeLatency,0, upTime,1247_,totall,Spid,Tweets , emitt,620594200, ack,0, failed,0, completeLatency,0, upTime,1247_1247_1250_1247_1250_1250_1250_1247_1247_1249_1249_1247_1250_1249_1249_,Spid,querySource , emitt,3999980, ack,0, failed,0, completeLatency,0, upTime,1247_,600,Bolt id,Tornado_index,Emitted,Tornado_index_bolt_extension_query,0,Tornado_index_bolt_extension_data,669314,,Eexecuted,querySource_default,0,Tweets_default,706250,,ExecutedstdquerySource_default,0,Tweets_default,5114.0256055366,,Eexecute_Latency,querySource_default,0,Tweets_default,0.0051886575,,minup time,1244,maxup time,1250,Bolt id,Tornado,Emitted,_bolt_output_extension,271824,,Eexecuted,Tornado_index_Tornado_index_bolt_extension_data,669055,Tornado_index_Tornado_index_bolt_extension_query,0,,ExecutedstdTornado_index_Tornado_index_bolt_extension_data,25003.9647993195,Tornado_index_Tornado_index_bolt_extension_query,0,,Eexecute_Latency,Tornado_index_Tornado_index_bolt_extension_data,0.026520674,Tornado_index_Tornado_index_bolt_extension_query,0,,minup time,1244,maxup time,1250,total,Bolt id,Tornado_index,Emitted,Tornado_index_bolt_extension_query,4089240,Tornado_index_bolt_extension_data,587830260,,Eexecuted,querySource_default,40000000,Tweets_default,620174600,,ExecutedstdquerySource_default,0,Tweets_default,4643053.26204212,,Eexecute_Latency,querySource_default,0.015329,Tweets_default,0.0052171572,,minup time,1244,maxup time,1250,Bolt id,Tornado,Emitted,_bolt_output_extension,238874580,,Eexecuted,Tornado_index_Tornado_index_bolt_extension_data,587352520,Tornado_index_Tornado_index_bolt_extension_query,4089240,,ExecutedstdTornado_index_Tornado_index_bolt_extension_data,21930073.1182728,Tornado_index_Tornado_index_bolt_extension_query,144190.379511776,,Eexecute_Latency,Tornado_index_Tornado_index_bolt_extension_data,0.0267323008,Tornado_index_Tornado_index_bolt_extension_query,0.0344332795,,minup time,1244,maxup time,1250
,,,,,,,,,,,,,,,,,,,,,,,,,,,,,,,,,,,,,,,,,,,,,,,,,,,,,,,,,,,,,,,,,,,,,,,,,,,,,,,,,,,,,,,,,,,,,,,,,,,,,,,,,,,,,,,,,,,,,,,,,,,,,,,,,,,,,,,,,,,,,,,,,,,,,,,,,,,,,,,,,,,,,,,
numberOfackers,0,evaluatorParrellism,16,routingParrellism,10,spoutParallesim,15,numberOfQueryKeywords,3,numberOfQueries,4000000,spatialRange,5,localIndexType,HYBRID_GRID,globalIndexType,PARTITIONED_TEXT_AWARE,,,,,,,,,,,,,,,,,,,,,,,,,,,,,,,,,,,,,,,,,,,,,,,,,,,,,,,,,,,,,,,,,,,,,,,,,,,,,,,,,,,,,,,,,,,,,,,,,,,,,,,,,,,,,,,,,,,,,,,,,,,,,,,,,,,,,,,,,,,,,,,,,,,,,,
Topology Id, Tornado-67-1462290541,Number of Workers,43,600,Spid,Tweets , emitt,691077, ack,0, failed,0, completeLatency,0, upTime,1063_1063_1064_1064_1065_1063_1063_1063_1063_1066_1063_1063_1063_1063_1064_,Spid,querySource , emitt,0, ack,0, failed,0, completeLatency,0, upTime,1060_,totall,Spid,Tweets , emitt,474086480, ack,0, failed,0, completeLatency,0, upTime,1063_1063_1064_1064_1065_1063_1063_1063_1063_1066_1063_1063_1063_1063_1064_,Spid,querySource , emitt,4000020, ack,0, failed,0, completeLatency,0, upTime,1060_,600,Bolt id,Tornado_index,Emitted,Tornado_index_bolt_extension_query,0,Tornado_index_bolt_extension_data,655101,,Eexecuted,querySource_default,0,Tweets_default,691289,,ExecutedstdquerySource_default,0,Tweets_default,4557.0986423147,,Eexecute_Latency,querySource_default,0,Tweets_default,0.0051800351,,minup time,1061,maxup time,1065,Bolt id,Tornado,Emitted,_bolt_output_extension,266158,,Eexecuted,Tornado_index_Tornado_index_bolt_extension_data,655159,Tornado_index_Tornado_index_bolt_extension_query,0,,ExecutedstdTornado_index_Tornado_index_bolt_extension_data,24491.988791061,Tornado_index_Tornado_index_bolt_extension_query,0,,Eexecute_Latency,Tornado_index_Tornado_index_bolt_extension_data,0.0266599495,Tornado_index_Tornado_index_bolt_extension_query,0,,minup time,1061,maxup time,1066,total,Bolt id,Tornado_index,Emitted,Tornado_index_bolt_extension_query,4089300,Tornado_index_bolt_extension_data,449528820,,Eexecuted,querySource_default,40000000,Tweets_default,474260160,,ExecutedstdquerySource_default,0,Tweets_default,3017829.78912728,,Eexecute_Latency,querySource_default,0.0149,Tweets_default,0.005181039,,minup time,1061,maxup time,1065,Bolt id,Tornado,Emitted,_bolt_output_extension,182926300,,Eexecuted,Tornado_index_Tornado_index_bolt_extension_data,449541920,Tornado_index_Tornado_index_bolt_extension_query,4089280,,ExecutedstdTornado_index_Tornado_index_bolt_extension_data,16791336.1052404,Tornado_index_Tornado_index_bolt_extension_query,144191.896096833,,Eexecute_Latency,Tornado_index_Tornado_index_bolt_extension_data,0.0267735983,Tornado_index_Tornado_index_bolt_extension_query,0.0354253721,,minup time,1061,maxup time,1066
Topology Id, Tornado-67-1462290541,Number of Workers,43,600,Spid,Tweets , emitt,692488, ack,0, failed,0, completeLatency,0, upTime,1126_1127_1127_1127_1126_1123_1127_1127_1127_1126_1127_1126_1126_1126_1124_,Spid,querySource , emitt,0, ack,0, failed,0, completeLatency,0, upTime,1123_,totall,Spid,Tweets , emitt,519464920, ack,0, failed,0, completeLatency,0, upTime,1126_1127_1127_1127_1126_1123_1127_1127_1127_1126_1127_1126_1126_1126_1124_,Spid,querySource , emitt,4000020, ack,0, failed,0, completeLatency,0, upTime,1123_,600,Bolt id,Tornado_index,Emitted,Tornado_index_bolt_extension_query,0,Tornado_index_bolt_extension_data,656516,,Eexecuted,querySource_default,0,Tweets_default,692612,,ExecutedstdquerySource_default,0,Tweets_default,4431.0397432142,,Eexecute_Latency,querySource_default,0,Tweets_default,0.0051636779,,minup time,1121,maxup time,1127,Bolt id,Tornado,Emitted,_bolt_output_extension,266755,,Eexecuted,Tornado_index_Tornado_index_bolt_extension_data,656079,Tornado_index_Tornado_index_bolt_extension_query,0,,ExecutedstdTornado_index_Tornado_index_bolt_extension_data,24471.4564869405,Tornado_index_Tornado_index_bolt_extension_query,0,,Eexecute_Latency,Tornado_index_Tornado_index_bolt_extension_data,0.0264243044,Tornado_index_Tornado_index_bolt_extension_query,0,,minup time,1123,maxup time,1127,total,Bolt id,Tornado_index,Emitted,Tornado_index_bolt_extension_query,4089300,Tornado_index_bolt_extension_data,492291360,,Eexecuted,querySource_default,40000000,Tweets_default,519347580,,ExecutedstdquerySource_default,0,Tweets_default,3197289.90030557,,Eexecute_Latency,querySource_default,0.0149,Tweets_default,0.005162312,,minup time,1121,maxup time,1127,Bolt id,Tornado,Emitted,_bolt_output_extension,200039380,,Eexecuted,Tornado_index_Tornado_index_bolt_extension_data,491660360,Tornado_index_Tornado_index_bolt_extension_query,4089280,,ExecutedstdTornado_index_Tornado_index_bolt_extension_data,18349151.512747,Tornado_index_Tornado_index_bolt_extension_query,144191.896096833,,Eexecute_Latency,Tornado_index_Tornado_index_bolt_extension_data,0.0266853804,Tornado_index_Tornado_index_bolt_extension_query,0.0354253721,,minup time,1123,maxup time,1127
Topology Id, Tornado-67-1462290541,Number of Workers,43,600,Spid,Tweets , emitt,690030, ack,0, failed,0, completeLatency,0, upTime,1187_1187_1187_1190_1189_1186_1190_1187_1187_1189_1190_1187_1187_1189_1187_,Spid,querySource , emitt,0, ack,0, failed,0, completeLatency,0, upTime,1184_,totall,Spid,Tweets , emitt,560805160, ack,0, failed,0, completeLatency,0, upTime,1187_1187_1187_1190_1189_1186_1190_1187_1187_1189_1190_1187_1187_1189_1187_,Spid,querySource , emitt,4000020, ack,0, failed,0, completeLatency,0, upTime,1184_,600,Bolt id,Tornado_index,Emitted,Tornado_index_bolt_extension_query,0,Tornado_index_bolt_extension_data,653459,,Eexecuted,querySource_default,0,Tweets_default,689394,,ExecutedstdquerySource_default,0,Tweets_default,4331.8366119868,,Eexecute_Latency,querySource_default,0,Tweets_default,0.005163286,,minup time,1184,maxup time,1190,Bolt id,Tornado,Emitted,_bolt_output_extension,265015,,Eexecuted,Tornado_index_Tornado_index_bolt_extension_data,652493,Tornado_index_Tornado_index_bolt_extension_query,0,,ExecutedstdTornado_index_Tornado_index_bolt_extension_data,24341.9018186187,Tornado_index_Tornado_index_bolt_extension_query,0,,Eexecute_Latency,Tornado_index_Tornado_index_bolt_extension_data,0.0264513265,Tornado_index_Tornado_index_bolt_extension_query,0,,minup time,1184,maxup time,1189,total,Bolt id,Tornado_index,Emitted,Tornado_index_bolt_extension_query,4089300,Tornado_index_bolt_extension_data,531011080,,Eexecuted,querySource_default,40000000,Tweets_default,560191820,,ExecutedstdquerySource_default,0,Tweets_default,3438947.02684935,,Eexecute_Latency,querySource_default,0.0149,Tweets_default,0.0051597486,,minup time,1184,maxup time,1190,Bolt id,Tornado,Emitted,_bolt_output_extension,215625540,,Eexecuted,Tornado_index_Tornado_index_bolt_extension_data,530116820,Tornado_index_Tornado_index_bolt_extension_query,4089280,,ExecutedstdTornado_index_Tornado_index_bolt_extension_data,19763654.8667566,Tornado_index_Tornado_index_bolt_extension_query,144191.896096833,,Eexecute_Latency,Tornado_index_Tornado_index_bolt_extension_data,0.0267186427,Tornado_index_Tornado_index_bolt_extension_query,0.0354253721,,minup time,1184,maxup time,1189
Topology Id, Tornado-67-1462290541,Number of Workers,43,600,Spid,Tweets , emitt,683676, ack,0, failed,0, completeLatency,0, upTime,1241_1238_1238_1241_1240_1237_1241_1238_1241_1240_1241_1238_1241_1241_1239_,Spid,querySource , emitt,0, ack,0, failed,0, completeLatency,0, upTime,1235_,totall,Spid,Tweets , emitt,592639520, ack,0, failed,0, completeLatency,0, upTime,1241_1238_1238_1241_1240_1237_1241_1238_1241_1240_1241_1238_1241_1241_1239_,Spid,querySource , emitt,4000020, ack,0, failed,0, completeLatency,0, upTime,1235_,600,Bolt id,Tornado_index,Emitted,Tornado_index_bolt_extension_query,0,Tornado_index_bolt_extension_data,647835,,Eexecuted,querySource_default,0,Tweets_default,683554,,ExecutedstdquerySource_default,0,Tweets_default,4318.1739485848,,Eexecute_Latency,querySource_default,0,Tweets_default,0.0051821101,,minup time,1235,maxup time,1241,Bolt id,Tornado,Emitted,_bolt_output_extension,263195,,Eexecuted,Tornado_index_Tornado_index_bolt_extension_data,647997,Tornado_index_Tornado_index_bolt_extension_query,0,,ExecutedstdTornado_index_Tornado_index_bolt_extension_data,24235.0373204317,Tornado_index_Tornado_index_bolt_extension_query,0,,Eexecute_Latency,Tornado_index_Tornado_index_bolt_extension_data,0.026459065,Tornado_index_Tornado_index_bolt_extension_query,0,,minup time,1237,maxup time,1241,total,Bolt id,Tornado_index,Emitted,Tornado_index_bolt_extension_query,4089300,Tornado_index_bolt_extension_data,561260840,,Eexecuted,querySource_default,40000000,Tweets_default,592128580,,ExecutedstdquerySource_default,0,Tweets_default,3658655.2141075,,Eexecute_Latency,querySource_default,0.0149,Tweets_default,0.0051753902,,minup time,1235,maxup time,1241,Bolt id,Tornado,Emitted,_bolt_output_extension,228328720,,Eexecuted,Tornado_index_Tornado_index_bolt_extension_data,561495900,Tornado_index_Tornado_index_bolt_extension_query,4089280,,ExecutedstdTornado_index_Tornado_index_bolt_extension_data,20971605.3306104,Tornado_index_Tornado_index_bolt_extension_query,144191.896096833,,Eexecute_Latency,Tornado_index_Tornado_index_bolt_extension_data,0.0267312383,Tornado_index_Tornado_index_bolt_extension_query,0.0354253721,,minup time,1237,maxup time,1241
,,,,,,,,701332.5,,,,,,,,,,,,,,,,,,,,,,,,,,,,,,,,,,,,,,,,,,,,,,,,,,,,,,,,,,,,,,,,,,,,,,,,,,,,,,,,,,,,,,,,,,,,,,,,,,,,,,,,,,,,,,,,,,,,,,,,,,,,,,,,,,,,,,,,,,,,,,,,,,,,,,,,,,,,,,,
