PartitonedGlobalGridLocal5millionBP,-,-,-,-,-,-,-,-,-,-,-,-,-,-,-,-,-,-,-,-,-,-,-,-,-,-,-,-,-,-,-,-,-,-,,,,,,,,,,,,,,,,,,,,,,,,,,,,,,,,,,,,,,,,,,,,,,,,,,,,,,,,,,,,,,,,,,,,,,,,,,,,,,,,,,,,,,,,,,,,,,,,,,,,,,,,,,,,,,,,,,,,,,,,,,,,,,,,,,,,,
,,,,,,,,,,,,,,,,,,,,,,,,,,,,,,,,,,,,,,,,,,,,,,,,,,,,,,,,,,,,,,,,,,,,,,,,,,,,,,,,,,,,,,,,,,,,,,,,,,,,,,,,,,,,,,,,,,,,,,,,,,,,,,,,,,,,,,,,,,,,,,,,,,,,,,,,,,,,,,,,,,,,,,,
,,,,,,,,,,,,,,,,,,,,,,,,,,,,,,,,,,,,,,,,,,,,,,,,,,,,,,,,,,,,,,,,,,,,,,,,,,,,,,,,,,,,,,,,,,,,,,,,,,,,,,,,,,,,,,,,,,,,,,,,,,,,,,,,,,,,,,,,,,,,,,,,,,,,,,,,,,,,,,,,,,,,,,,
,,,,,,,,,,,,,,,,,,,,,,,,,,,,,,,,,,,,,,,,,,,,,,,,,,,,,,,,,,,,,,,,,,,,,,,,,,,,,,,,,,,,,,,,,,,,,,,,,,,,,,,,,,,,,,,,,,,,,,,,,,,,,,,,,,,,,,,,,,,,,,,,,,,,,,,,,,,,,,,,,,,,,,,
numberOfackers,0,evaluatorParrellism,36,routingParrellism,10,spoutParallesim,5,numberOfQueryKeywords,3,numberOfQueries,5000000,spatialRange,5,localIndexType,HYBRID_GRID,globalIndexType,PARTITIONED,,,,,,,,,,,,,,,,,,,,,,,,,,,,,,,,,,,,,,,,,,,,,,,,,,,,,,,,,,,,,,,,,,,,,,,,,,,,,,,,,,,,,,,,,,,,,,,,,,,,,,,,,,,,,,,,,,,,,,,,,,,,,,,,,,,,,,,,,,,,,,,,,,,,,,
Topology Id, Tornado-318-1461635753,Number of Workers,53,600,Spid,Tweets , emitt,279450, ack,0, failed,0, completeLatency,0, upTime,879_882_880_880_882_,Spid,querySource , emitt,647, ack,0, failed,0, completeLatency,0, upTime,880_,totall,Spid,Tweets , emitt,192687740, ack,0, failed,0, completeLatency,0, upTime,879_882_880_880_882_,Spid,querySource , emitt,5000000, ack,0, failed,0, completeLatency,0, upTime,880_,600,Bolt id,Tornado_index,Emitted,Tornado_index_bolt_extension_query,573,Tornado_index_bolt_extension_data,279661,,Eexecuted,querySource_default,567,Tweets_default,279663,,ExecutedstdquerySource_default,4.7167086836,Tweets_default,82.9668879549,,Eexecute_Latency,querySource_default,0.0197008735,Tweets_default,0.0047398387,,minup time,878,maxup time,883,Bolt id,Tornado,Emitted,_bolt_output_extension,115392,,Eexecuted,Tornado_index_Tornado_index_bolt_extension_data,279727,Tornado_index_Tornado_index_bolt_extension_query,558,,ExecutedstdTornado_index_Tornado_index_bolt_extension_data,10596.7878971813,Tornado_index_Tornado_index_bolt_extension_query,21.8099785326,,Eexecute_Latency,Tornado_index_Tornado_index_bolt_extension_data,0.0781695428,Tornado_index_Tornado_index_bolt_extension_query,0.0292790584,,minup time,878,maxup time,885,total,Bolt id,Tornado_index,Emitted,Tornado_index_bolt_extension_query,5041700,Tornado_index_bolt_extension_data,192667420,,Eexecuted,querySource_default,4998780,Tweets_default,192664240,,ExecutedstdquerySource_default,1189.300634827,Tweets_default,75972.2063915482,,Eexecute_Latency,querySource_default,0.0292104466,Tweets_default,0.0047644545,,minup time,878,maxup time,883,Bolt id,Tornado,Emitted,_bolt_output_extension,78960120,,Eexecuted,Tornado_index_Tornado_index_bolt_extension_data,192734080,Tornado_index_Tornado_index_bolt_extension_query,5037440,,ExecutedstdTornado_index_Tornado_index_bolt_extension_data,7297873.17780248,Tornado_index_Tornado_index_bolt_extension_query,188503.945323979,,Eexecute_Latency,Tornado_index_Tornado_index_bolt_extension_data,0.0785606699,Tornado_index_Tornado_index_bolt_extension_query,0.0548926992,,minup time,878,maxup time,885
Topology Id, Tornado-318-1461635753,Number of Workers,53,600,Spid,Tweets , emitt,279464, ack,0, failed,0, completeLatency,0, upTime,942_946_943_943_942_,Spid,querySource , emitt,0, ack,0, failed,0, completeLatency,0, upTime,944_,totall,Spid,Tweets , emitt,209565480, ack,0, failed,0, completeLatency,0, upTime,942_946_943_943_942_,Spid,querySource , emitt,5000000, ack,0, failed,0, completeLatency,0, upTime,944_,600,Bolt id,Tornado_index,Emitted,Tornado_index_bolt_extension_query,0,Tornado_index_bolt_extension_data,279491,,Eexecuted,querySource_default,0,Tweets_default,279491,,ExecutedstdquerySource_default,0,Tweets_default,99.4350915444,,Eexecute_Latency,querySource_default,0,Tweets_default,0.0047315437,,minup time,940,maxup time,946,Bolt id,Tornado,Emitted,_bolt_output_extension,115406,,Eexecuted,Tornado_index_Tornado_index_bolt_extension_data,279494,Tornado_index_Tornado_index_bolt_extension_query,0,,ExecutedstdTornado_index_Tornado_index_bolt_extension_data,10588.115372221,Tornado_index_Tornado_index_bolt_extension_query,0,,Eexecute_Latency,Tornado_index_Tornado_index_bolt_extension_data,0.0763213267,Tornado_index_Tornado_index_bolt_extension_query,0,,minup time,940,maxup time,947,total,Bolt id,Tornado_index,Emitted,Tornado_index_bolt_extension_query,5041700,Tornado_index_bolt_extension_data,209422940,,Eexecuted,querySource_default,4998780,Tweets_default,209419880,,ExecutedstdquerySource_default,1189.300634827,Tweets_default,89943.4378706974,,Eexecute_Latency,querySource_default,0.0292104466,Tweets_default,0.0047622456,,minup time,940,maxup time,946,Bolt id,Tornado,Emitted,_bolt_output_extension,85834840,,Eexecuted,Tornado_index_Tornado_index_bolt_extension_data,209292600,Tornado_index_Tornado_index_bolt_extension_query,5037440,,ExecutedstdTornado_index_Tornado_index_bolt_extension_data,7922511.11174565,Tornado_index_Tornado_index_bolt_extension_query,188503.945323979,,Eexecute_Latency,Tornado_index_Tornado_index_bolt_extension_data,0.077856118,Tornado_index_Tornado_index_bolt_extension_query,0.0548926992,,minup time,940,maxup time,947
Topology Id, Tornado-318-1461635753,Number of Workers,53,600,Spid,Tweets , emitt,281757, ack,0, failed,0, completeLatency,0, upTime,993_997_994_994_997_,Spid,querySource , emitt,0, ack,0, failed,0, completeLatency,0, upTime,995_,totall,Spid,Tweets , emitt,224955260, ack,0, failed,0, completeLatency,0, upTime,993_997_994_994_997_,Spid,querySource , emitt,5000000, ack,0, failed,0, completeLatency,0, upTime,995_,600,Bolt id,Tornado_index,Emitted,Tornado_index_bolt_extension_query,0,Tornado_index_bolt_extension_data,281680,,Eexecuted,querySource_default,0,Tweets_default,281681,,ExecutedstdquerySource_default,0,Tweets_default,107.7961340546,,Eexecute_Latency,querySource_default,0,Tweets_default,0.0047305155,,minup time,992,maxup time,998,Bolt id,Tornado,Emitted,_bolt_output_extension,116141,,Eexecuted,Tornado_index_Tornado_index_bolt_extension_data,281674,Tornado_index_Tornado_index_bolt_extension_query,0,,ExecutedstdTornado_index_Tornado_index_bolt_extension_data,10671.3421680349,Tornado_index_Tornado_index_bolt_extension_query,0,,Eexecute_Latency,Tornado_index_Tornado_index_bolt_extension_data,0.0739595338,Tornado_index_Tornado_index_bolt_extension_query,0,,minup time,992,maxup time,999,total,Bolt id,Tornado_index,Emitted,Tornado_index_bolt_extension_query,5041700,Tornado_index_bolt_extension_data,224782840,,Eexecuted,querySource_default,4998780,Tweets_default,224779840,,ExecutedstdquerySource_default,1189.300634827,Tweets_default,84055.3478607994,,Eexecute_Latency,querySource_default,0.0292104466,Tweets_default,0.0047583195,,minup time,992,maxup time,998,Bolt id,Tornado,Emitted,_bolt_output_extension,92187900,,Eexecuted,Tornado_index_Tornado_index_bolt_extension_data,224837360,Tornado_index_Tornado_index_bolt_extension_query,5037440,,ExecutedstdTornado_index_Tornado_index_bolt_extension_data,8516287.44480323,Tornado_index_Tornado_index_bolt_extension_query,188503.945323979,,Eexecute_Latency,Tornado_index_Tornado_index_bolt_extension_data,0.0778433971,Tornado_index_Tornado_index_bolt_extension_query,0.0548926992,,minup time,992,maxup time,999
Topology Id, Tornado-318-1461635753,Number of Workers,53,600,Spid,Tweets , emitt,282410, ack,0, failed,0, completeLatency,0, upTime,1057_1060_1057_1058_1057_,Spid,querySource , emitt,0, ack,0, failed,0, completeLatency,0, upTime,1058_,totall,Spid,Tweets , emitt,242433100, ack,0, failed,0, completeLatency,0, upTime,1057_1060_1057_1058_1057_,Spid,querySource , emitt,5000000, ack,0, failed,0, completeLatency,0, upTime,1058_,600,Bolt id,Tornado_index,Emitted,Tornado_index_bolt_extension_query,0,Tornado_index_bolt_extension_data,282336,,Eexecuted,querySource_default,0,Tweets_default,282337,,ExecutedstdquerySource_default,0,Tweets_default,111.42346177,,Eexecute_Latency,querySource_default,0,Tweets_default,0.0047379974,,minup time,1055,maxup time,1061,Bolt id,Tornado,Emitted,_bolt_output_extension,116544,,Eexecuted,Tornado_index_Tornado_index_bolt_extension_data,282312,Tornado_index_Tornado_index_bolt_extension_query,0,,ExecutedstdTornado_index_Tornado_index_bolt_extension_data,10700.4437523179,Tornado_index_Tornado_index_bolt_extension_query,0,,Eexecute_Latency,Tornado_index_Tornado_index_bolt_extension_data,0.0738165863,Tornado_index_Tornado_index_bolt_extension_query,0,,minup time,1055,maxup time,1061,total,Bolt id,Tornado_index,Emitted,Tornado_index_bolt_extension_query,5041700,Tornado_index_bolt_extension_data,242320260,,Eexecuted,querySource_default,4998780,Tweets_default,242317360,,ExecutedstdquerySource_default,1189.300634827,Tweets_default,89742.238795341,,Eexecute_Latency,querySource_default,0.0292104466,Tweets_default,0.0047738466,,minup time,1055,maxup time,1061,Bolt id,Tornado,Emitted,_bolt_output_extension,99381920,,Eexecuted,Tornado_index_Tornado_index_bolt_extension_data,242205160,Tornado_index_Tornado_index_bolt_extension_query,5037440,,ExecutedstdTornado_index_Tornado_index_bolt_extension_data,9171238.66565619,Tornado_index_Tornado_index_bolt_extension_query,188503.945323979,,Eexecute_Latency,Tornado_index_Tornado_index_bolt_extension_data,0.0776358069,Tornado_index_Tornado_index_bolt_extension_query,0.0548926992,,minup time,1055,maxup time,1061
,,,,,,,,,,,,,,,,,,,,,,,,,,,,,,,,,,,,,,,,,,,,,,,,,,,,,,,,,,,,,,,,,,,,,,,,,,,,,,,,,,,,,,,,,,,,,,,,,,,,,,,,,,,,,,,,,,,,,,,,,,,,,,,,,,,,,,,,,,,,,,,,,,,,,,,,,,,,,,,,,,,,,,,
,,,,,,,,,,,,,,,,,,,,,,,,,,,,,,,,,,,,,,,,,,,,,,,,,,,,,,,,,,,,,,,,,,,,,,,,,,,,,,,,,,,,,,,,,,,,,,,,,,,,,,,,,,,,,,,,,,,,,,,,,,,,,,,,,,,,,,,,,,,,,,,,,,,,,,,,,,,,,,,,,,,,,,,
numberOfackers,0,evaluatorParrellism,36,routingParrellism,10,spoutParallesim,6,numberOfQueryKeywords,3,numberOfQueries,5000000,spatialRange,5,localIndexType,HYBRID_GRID,globalIndexType,PARTITIONED,,,,,,,,,,,,,,,,,,,,,,,,,,,,,,,,,,,,,,,,,,,,,,,,,,,,,,,,,,,,,,,,,,,,,,,,,,,,,,,,,,,,,,,,,,,,,,,,,,,,,,,,,,,,,,,,,,,,,,,,,,,,,,,,,,,,,,,,,,,,,,,,,,,,,,
Topology Id, Tornado-317-1461634603,Number of Workers,54,600,Spid,Tweets , emitt,274107, ack,0, failed,0, completeLatency,0, upTime,880_882_880_879_880_883_,Spid,querySource , emitt,793, ack,0, failed,0, completeLatency,0, upTime,880_,totall,Spid,Tweets , emitt,190044120, ack,0, failed,0, completeLatency,0, upTime,880_882_880_879_880_883_,Spid,querySource , emitt,5000020, ack,0, failed,0, completeLatency,0, upTime,880_,600,Bolt id,Tornado_index,Emitted,Tornado_index_bolt_extension_query,760,Tornado_index_bolt_extension_data,273997,,Eexecuted,querySource_default,754,Tweets_default,273996,,ExecutedstdquerySource_default,2.6707532489,Tweets_default,138.5086683658,,Eexecute_Latency,querySource_default,0.0197050142,Tweets_default,0.0046440065,,minup time,877,maxup time,884,Bolt id,Tornado,Emitted,_bolt_output_extension,112992,,Eexecuted,Tornado_index_Tornado_index_bolt_extension_data,274267,Tornado_index_Tornado_index_bolt_extension_query,778,,ExecutedstdTornado_index_Tornado_index_bolt_extension_data,10460.5730150734,Tornado_index_Tornado_index_bolt_extension_query,29.6597544522,,Eexecute_Latency,Tornado_index_Tornado_index_bolt_extension_data,0.0235303275,Tornado_index_Tornado_index_bolt_extension_query,0.0187747539,,minup time,877,maxup time,884,total,Bolt id,Tornado_index,Emitted,Tornado_index_bolt_extension_query,5047200,Tornado_index_bolt_extension_data,190153800,,Eexecuted,querySource_default,5001280,Tweets_default,190153740,,ExecutedstdquerySource_default,1235.1906735399,Tweets_default,92847.2991745048,,Eexecute_Latency,querySource_default,0.0312520344,Tweets_default,0.00463064,,minup time,877,maxup time,884,Bolt id,Tornado,Emitted,_bolt_output_extension,77747240,,Eexecuted,Tornado_index_Tornado_index_bolt_extension_data,190166760,Tornado_index_Tornado_index_bolt_extension_query,5048740,,ExecutedstdTornado_index_Tornado_index_bolt_extension_data,7238662.46379975,Tornado_index_Tornado_index_bolt_extension_query,189330.309296273,,Eexecute_Latency,Tornado_index_Tornado_index_bolt_extension_data,0.0254318275,Tornado_index_Tornado_index_bolt_extension_query,0.036579267,,minup time,877,maxup time,884
Topology Id, Tornado-317-1461634603,Number of Workers,54,600,Spid,Tweets , emitt,273778, ack,0, failed,0, completeLatency,0, upTime,943_945_943_943_943_943_,Spid,querySource , emitt,25, ack,0, failed,0, completeLatency,0, upTime,943_,totall,Spid,Tweets , emitt,207056640, ack,0, failed,0, completeLatency,0, upTime,943_945_943_943_943_943_,Spid,querySource , emitt,5000020, ack,0, failed,0, completeLatency,0, upTime,943_,600,Bolt id,Tornado_index,Emitted,Tornado_index_bolt_extension_query,32,Tornado_index_bolt_extension_data,273803,,Eexecuted,querySource_default,32,Tweets_default,273803,,ExecutedstdquerySource_default,2.1087049014,Tweets_default,118.7267606337,,Eexecute_Latency,querySource_default,0.0173992651,Tweets_default,0.00463345,,minup time,940,maxup time,947,Bolt id,Tornado,Emitted,_bolt_output_extension,113117,,Eexecuted,Tornado_index_Tornado_index_bolt_extension_data,274080,Tornado_index_Tornado_index_bolt_extension_query,32,,ExecutedstdTornado_index_Tornado_index_bolt_extension_data,10399.2763016124,Tornado_index_Tornado_index_bolt_extension_query,1.540151652,,Eexecute_Latency,Tornado_index_Tornado_index_bolt_extension_data,0.0502018464,Tornado_index_Tornado_index_bolt_extension_query,0.0274756011,,minup time,940,maxup time,946,total,Bolt id,Tornado_index,Emitted,Tornado_index_bolt_extension_query,5047200,Tornado_index_bolt_extension_data,207083520,,Eexecuted,querySource_default,5001280,Tweets_default,207083460,,ExecutedstdquerySource_default,1235.1906735399,Tweets_default,101195.357225517,,Eexecute_Latency,querySource_default,0.0312520344,Tweets_default,0.0046127393,,minup time,940,maxup time,947,Bolt id,Tornado,Emitted,_bolt_output_extension,84708580,,Eexecuted,Tornado_index_Tornado_index_bolt_extension_data,207039080,Tornado_index_Tornado_index_bolt_extension_query,5048740,,ExecutedstdTornado_index_Tornado_index_bolt_extension_data,7843031.26738254,Tornado_index_Tornado_index_bolt_extension_query,189330.309296273,,Eexecute_Latency,Tornado_index_Tornado_index_bolt_extension_data,0.0521559644,Tornado_index_Tornado_index_bolt_extension_query,0.036579267,,minup time,940,maxup time,946
Topology Id, Tornado-317-1461634603,Number of Workers,54,600,Spid,Tweets , emitt,273609, ack,0, failed,0, completeLatency,0, upTime,1006_1005_1006_1003_1006_1006_,Spid,querySource , emitt,0, ack,0, failed,0, completeLatency,0, upTime,1006_,totall,Spid,Tweets , emitt,223654720, ack,0, failed,0, completeLatency,0, upTime,1006_1005_1006_1003_1006_1006_,Spid,querySource , emitt,5000020, ack,0, failed,0, completeLatency,0, upTime,1006_,600,Bolt id,Tornado_index,Emitted,Tornado_index_bolt_extension_query,0,Tornado_index_bolt_extension_data,273738,,Eexecuted,querySource_default,0,Tweets_default,273738,,ExecutedstdquerySource_default,0,Tweets_default,122.7120506376,,Eexecute_Latency,querySource_default,0,Tweets_default,0.0046254339,,minup time,1003,maxup time,1007,Bolt id,Tornado,Emitted,_bolt_output_extension,112971,,Eexecuted,Tornado_index_Tornado_index_bolt_extension_data,273750,Tornado_index_Tornado_index_bolt_extension_query,0,,ExecutedstdTornado_index_Tornado_index_bolt_extension_data,10372.1343641652,Tornado_index_Tornado_index_bolt_extension_query,0,,Eexecute_Latency,Tornado_index_Tornado_index_bolt_extension_data,0.0495014409,Tornado_index_Tornado_index_bolt_extension_query,0,,minup time,1003,maxup time,1010,total,Bolt id,Tornado_index,Emitted,Tornado_index_bolt_extension_query,5047200,Tornado_index_bolt_extension_data,223586860,,Eexecuted,querySource_default,5001280,Tweets_default,223586780,,ExecutedstdquerySource_default,1235.1906735399,Tweets_default,107599.410574594,,Eexecute_Latency,querySource_default,0.0312520344,Tweets_default,0.0046091085,,minup time,1003,maxup time,1007,Bolt id,Tornado,Emitted,_bolt_output_extension,91458800,,Eexecuted,Tornado_index_Tornado_index_bolt_extension_data,223499320,Tornado_index_Tornado_index_bolt_extension_query,5048740,,ExecutedstdTornado_index_Tornado_index_bolt_extension_data,8460084.96141257,Tornado_index_Tornado_index_bolt_extension_query,189330.309296273,,Eexecute_Latency,Tornado_index_Tornado_index_bolt_extension_data,0.0520872969,Tornado_index_Tornado_index_bolt_extension_query,0.036579267,,minup time,1003,maxup time,1010
Topology Id, Tornado-317-1461634603,Number of Workers,54,600,Spid,Tweets , emitt,275419, ack,0, failed,0, completeLatency,0, upTime,1057_1059_1057_1057_1058_1057_,Spid,querySource , emitt,0, ack,0, failed,0, completeLatency,0, upTime,1057_,totall,Spid,Tweets , emitt,238979840, ack,0, failed,0, completeLatency,0, upTime,1057_1059_1057_1057_1058_1057_,Spid,querySource , emitt,5000020, ack,0, failed,0, completeLatency,0, upTime,1057_,600,Bolt id,Tornado_index,Emitted,Tornado_index_bolt_extension_query,0,Tornado_index_bolt_extension_data,275505,,Eexecuted,querySource_default,0,Tweets_default,275505,,ExecutedstdquerySource_default,0,Tweets_default,125.8139513052,,Eexecute_Latency,querySource_default,0,Tweets_default,0.0046264458,,minup time,1055,maxup time,1061,Bolt id,Tornado,Emitted,_bolt_output_extension,113668,,Eexecuted,Tornado_index_Tornado_index_bolt_extension_data,275479,Tornado_index_Tornado_index_bolt_extension_query,0,,ExecutedstdTornado_index_Tornado_index_bolt_extension_data,10435.2386626435,Tornado_index_Tornado_index_bolt_extension_query,0,,Eexecute_Latency,Tornado_index_Tornado_index_bolt_extension_data,0.0489079527,Tornado_index_Tornado_index_bolt_extension_query,0,,minup time,1054,maxup time,1061,total,Bolt id,Tornado_index,Emitted,Tornado_index_bolt_extension_query,5047200,Tornado_index_bolt_extension_data,238874220,,Eexecuted,querySource_default,5001280,Tweets_default,238874120,,ExecutedstdquerySource_default,1235.1906735399,Tweets_default,124361.876537788,,Eexecute_Latency,querySource_default,0.0312520344,Tweets_default,0.0046004685,,minup time,1055,maxup time,1061,Bolt id,Tornado,Emitted,_bolt_output_extension,97839120,,Eexecuted,Tornado_index_Tornado_index_bolt_extension_data,238878020,Tornado_index_Tornado_index_bolt_extension_query,5048740,,ExecutedstdTornado_index_Tornado_index_bolt_extension_data,9041537.79297485,Tornado_index_Tornado_index_bolt_extension_query,189330.309296273,,Eexecute_Latency,Tornado_index_Tornado_index_bolt_extension_data,0.0513517522,Tornado_index_Tornado_index_bolt_extension_query,0.036579267,,minup time,1054,maxup time,1061
numberOfackers,0,evaluatorParrellism,36,routingParrellism,10,spoutParallesim,6,numberOfQueryKeywords,3,numberOfQueries,5000000,spatialRange,5,localIndexType,HYBRID_GRID,globalIndexType,PARTITIONED,,,,,,,,,,,,,,,,,,,,,,,,,,,,,,,,,,,,,,,,,,,,,,,,,,,,,,,,,,,,,,,,,,,,,,,,,,,,,,,,,,,,,,,,,,,,,,,,,,,,,,,,,,,,,,,,,,,,,,,,,,,,,,,,,,,,,,,,,,,,,,,,,,,,,,
Topology Id, Tornado-330-1461651677,Number of Workers,54,600,Spid,Tweets , emitt,308995, ack,0, failed,0, completeLatency,0, upTime,879_882_881_879_883_883_,Spid,querySource , emitt,714, ack,0, failed,0, completeLatency,0, upTime,883_,totall,Spid,Tweets , emitt,214461880, ack,0, failed,0, completeLatency,0, upTime,879_882_881_879_883_883_,Spid,querySource , emitt,5000000, ack,0, failed,0, completeLatency,0, upTime,883_,600,Bolt id,Tornado_index,Emitted,Tornado_index_bolt_extension_query,623,Tornado_index_bolt_extension_data,308965,,Eexecuted,querySource_default,623,Tweets_default,308960,,ExecutedstdquerySource_default,5.3870629598,Tweets_default,113.0823448103,,Eexecute_Latency,querySource_default,0.0205222726,Tweets_default,0.0045258854,,minup time,880,maxup time,884,Bolt id,Tornado,Emitted,_bolt_output_extension,127563,,Eexecuted,Tornado_index_Tornado_index_bolt_extension_data,309051,Tornado_index_Tornado_index_bolt_extension_query,605,,ExecutedstdTornado_index_Tornado_index_bolt_extension_data,11714.2365109338,Tornado_index_Tornado_index_bolt_extension_query,22.9935324602,,Eexecute_Latency,Tornado_index_Tornado_index_bolt_extension_data,0.0510528689,Tornado_index_Tornado_index_bolt_extension_query,0.0241624372,,minup time,879,maxup time,884,total,Bolt id,Tornado_index,Emitted,Tornado_index_bolt_extension_query,5046020,Tornado_index_bolt_extension_data,214468960,,Eexecuted,querySource_default,5008080,Tweets_default,214460960,,ExecutedstdquerySource_default,1489.0856254763,Tweets_default,94503.9575044347,,Eexecute_Latency,querySource_default,0.0308358321,Tweets_default,0.0045332495,,minup time,880,maxup time,884,Bolt id,Tornado,Emitted,_bolt_output_extension,87821400,,Eexecuted,Tornado_index_Tornado_index_bolt_extension_data,214516980,Tornado_index_Tornado_index_bolt_extension_query,5041560,,ExecutedstdTornado_index_Tornado_index_bolt_extension_data,8123138.79694188,Tornado_index_Tornado_index_bolt_extension_query,189662.68349186,,Eexecute_Latency,Tornado_index_Tornado_index_bolt_extension_data,0.0512454535,Tornado_index_Tornado_index_bolt_extension_query,0.0695401171,,minup time,879,maxup time,884
Topology Id, Tornado-330-1461651677,Number of Workers,54,600,Spid,Tweets , emitt,312009, ack,0, failed,0, completeLatency,0, upTime,942_946_944_943_944_943_,Spid,querySource , emitt,0, ack,0, failed,0, completeLatency,0, upTime,943_,totall,Spid,Tweets , emitt,235308560, ack,0, failed,0, completeLatency,0, upTime,942_946_944_943_944_943_,Spid,querySource , emitt,5000000, ack,0, failed,0, completeLatency,0, upTime,943_,600,Bolt id,Tornado_index,Emitted,Tornado_index_bolt_extension_query,0,Tornado_index_bolt_extension_data,312103,,Eexecuted,querySource_default,0,Tweets_default,312104,,ExecutedstdquerySource_default,0,Tweets_default,88.8856883401,,Eexecute_Latency,querySource_default,0,Tweets_default,0.0045357348,,minup time,941,maxup time,947,Bolt id,Tornado,Emitted,_bolt_output_extension,128729,,Eexecuted,Tornado_index_Tornado_index_bolt_extension_data,312146,Tornado_index_Tornado_index_bolt_extension_query,0,,ExecutedstdTornado_index_Tornado_index_bolt_extension_data,11833.5071716754,Tornado_index_Tornado_index_bolt_extension_query,0,,Eexecute_Latency,Tornado_index_Tornado_index_bolt_extension_data,0.0503864441,Tornado_index_Tornado_index_bolt_extension_query,0,,minup time,941,maxup time,947,total,Bolt id,Tornado_index,Emitted,Tornado_index_bolt_extension_query,5046020,Tornado_index_bolt_extension_data,235548400,,Eexecuted,querySource_default,5008080,Tweets_default,235540360,,ExecutedstdquerySource_default,1489.0856254763,Tweets_default,106482.517175356,,Eexecute_Latency,querySource_default,0.0308358321,Tweets_default,0.0045313015,,minup time,941,maxup time,947,Bolt id,Tornado,Emitted,_bolt_output_extension,96405140,,Eexecuted,Tornado_index_Tornado_index_bolt_extension_data,235542780,Tornado_index_Tornado_index_bolt_extension_query,5041560,,ExecutedstdTornado_index_Tornado_index_bolt_extension_data,8924690.28046929,Tornado_index_Tornado_index_bolt_extension_query,189662.68349186,,Eexecute_Latency,Tornado_index_Tornado_index_bolt_extension_data,0.0511294602,Tornado_index_Tornado_index_bolt_extension_query,0.0695401171,,minup time,941,maxup time,947
Topology Id, Tornado-330-1461651677,Number of Workers,54,600,Spid,Tweets , emitt,311941, ack,0, failed,0, completeLatency,0, upTime,993_997_995_994_998_997_,Spid,querySource , emitt,0, ack,0, failed,0, completeLatency,0, upTime,997_,totall,Spid,Tweets , emitt,251179300, ack,0, failed,0, completeLatency,0, upTime,993_997_995_994_998_997_,Spid,querySource , emitt,5000000, ack,0, failed,0, completeLatency,0, upTime,997_,600,Bolt id,Tornado_index,Emitted,Tornado_index_bolt_extension_query,0,Tornado_index_bolt_extension_data,311937,,Eexecuted,querySource_default,0,Tweets_default,311937,,ExecutedstdquerySource_default,0,Tweets_default,74.1127098217,,Eexecute_Latency,querySource_default,0,Tweets_default,0.0045451605,,minup time,994,maxup time,998,Bolt id,Tornado,Emitted,_bolt_output_extension,128750,,Eexecuted,Tornado_index_Tornado_index_bolt_extension_data,311920,Tornado_index_Tornado_index_bolt_extension_query,0,,ExecutedstdTornado_index_Tornado_index_bolt_extension_data,11818.6409890554,Tornado_index_Tornado_index_bolt_extension_query,0,,Eexecute_Latency,Tornado_index_Tornado_index_bolt_extension_data,0.0509186398,Tornado_index_Tornado_index_bolt_extension_query,0,,minup time,994,maxup time,999,total,Bolt id,Tornado_index,Emitted,Tornado_index_bolt_extension_query,5046020,Tornado_index_bolt_extension_data,251195440,,Eexecuted,querySource_default,5008080,Tweets_default,251187340,,ExecutedstdquerySource_default,1489.0856254763,Tweets_default,98046.0863267882,,Eexecute_Latency,querySource_default,0.0308358321,Tweets_default,0.0045410371,,minup time,994,maxup time,998,Bolt id,Tornado,Emitted,_bolt_output_extension,103013220,,Eexecuted,Tornado_index_Tornado_index_bolt_extension_data,251271040,Tornado_index_Tornado_index_bolt_extension_query,5041560,,ExecutedstdTornado_index_Tornado_index_bolt_extension_data,9515989.69788822,Tornado_index_Tornado_index_bolt_extension_query,189662.68349186,,Eexecute_Latency,Tornado_index_Tornado_index_bolt_extension_data,0.0509727561,Tornado_index_Tornado_index_bolt_extension_query,0.0695401171,,minup time,994,maxup time,999
Topology Id, Tornado-330-1461651677,Number of Workers,54,600,Spid,Tweets , emitt,313645, ack,0, failed,0, completeLatency,0, upTime,1057_1060_1058_1057_1058_1057_,Spid,querySource , emitt,0, ack,0, failed,0, completeLatency,0, upTime,1057_,totall,Spid,Tweets , emitt,271581180, ack,0, failed,0, completeLatency,0, upTime,1057_1060_1058_1057_1058_1057_,Spid,querySource , emitt,5000000, ack,0, failed,0, completeLatency,0, upTime,1057_,600,Bolt id,Tornado_index,Emitted,Tornado_index_bolt_extension_query,0,Tornado_index_bolt_extension_data,313695,,Eexecuted,querySource_default,0,Tweets_default,313695,,ExecutedstdquerySource_default,0,Tweets_default,68.8962668197,,Eexecute_Latency,querySource_default,0,Tweets_default,0.0045513028,,minup time,1055,maxup time,1061,Bolt id,Tornado,Emitted,_bolt_output_extension,129393,,Eexecuted,Tornado_index_Tornado_index_bolt_extension_data,313700,Tornado_index_Tornado_index_bolt_extension_query,0,,ExecutedstdTornado_index_Tornado_index_bolt_extension_data,11887.132879255,Tornado_index_Tornado_index_bolt_extension_query,0,,Eexecute_Latency,Tornado_index_Tornado_index_bolt_extension_data,0.0500462289,Tornado_index_Tornado_index_bolt_extension_query,0,,minup time,1055,maxup time,1062,total,Bolt id,Tornado_index,Emitted,Tornado_index_bolt_extension_query,5046020,Tornado_index_bolt_extension_data,271811960,,Eexecuted,querySource_default,5008080,Tweets_default,271803920,,ExecutedstdquerySource_default,1489.0856254763,Tweets_default,105186.910668581,,Eexecute_Latency,querySource_default,0.0308358321,Tweets_default,0.0045408585,,minup time,1055,maxup time,1061,Bolt id,Tornado,Emitted,_bolt_output_extension,111399920,,Eexecuted,Tornado_index_Tornado_index_bolt_extension_data,271819800,Tornado_index_Tornado_index_bolt_extension_query,5041560,,ExecutedstdTornado_index_Tornado_index_bolt_extension_data,10299050.1589112,Tornado_index_Tornado_index_bolt_extension_query,189662.68349186,,Eexecute_Latency,Tornado_index_Tornado_index_bolt_extension_data,0.0506832645,Tornado_index_Tornado_index_bolt_extension_query,0.0695401171,,minup time,1055,maxup time,1062
,,,,,,,,,,,,,,,,,,,,,,,,,,,,,,,,,,,,,,,,,,,,,,,,,,,,,,,,,,,,,,,,,,,,,,,,,,,,,,,,,,,,,,,,,,,,,,,,,,,,,,,,,,,,,,,,,,,,,,,,,,,,,,,,,,,,,,,,,,,,,,,,,,,,,,,,,,,,,,,,,,,,,,,
,,,,,,,,,,,,,,,,,,,,,,,,,,,,,,,,,,,,,,,,,,,,,,,,,,,,,,,,,,,,,,,,,,,,,,,,,,,,,,,,,,,,,,,,,,,,,,,,,,,,,,,,,,,,,,,,,,,,,,,,,,,,,,,,,,,,,,,,,,,,,,,,,,,,,,,,,,,,,,,,,,,,,,,
,,,,,,,,,,,,,,,,,,,,,,,,,,,,,,,,,,,,,,,,,,,,,,,,,,,,,,,,,,,,,,,,,,,,,,,,,,,,,,,,,,,,,,,,,,,,,,,,,,,,,,,0.0468182187,,,,,,,,,,,,,,,,,,,,,,,,,,,,,,,,,,,,,,,,,,,,,,,,,,,,,,,,,,,,,,,,
,,,,,,,,292937.875,,,,,,,,,,,,,,,,,,,,,,,,,,,,,,,,,,,,,,,,,,,,,,,,,,,,,,,,,,,,,,,,,,,,,,,,,,,,,,,,,,,,,,,,,,,,,,,,,,,,,,,,,,,,,,,,,,,,,,,,,,,,,,,,,,,,,,,,,,,,,,,,,,,,,,,,,,,,,,,
numberOfackers,0,evaluatorParrellism,36,routingParrellism,10,spoutParallesim,10,numberOfQueryKeywords,3,numberOfQueries,5000000,spatialRange,5,localIndexType,HYBRID_GRID,globalIndexType,PARTITIONED,,,,,,,,,,,,,,,,,,,,,,,,,,,,,,,,,,,,,,,,,,,,,,,,,,,,,,,,,,,,,,,,,,,,,,,,,,,,,,,,,,,,,,,,,,,,,,,,,,,,,,,,,,,,,,,,,,,,,,,,,,,,,,,,,,,,,,,,,,,,,,,,,,,,,,
Topology Id, Tornado-413-1462050854,Number of Workers,58,600,Spid,Tweets , emitt,522041, ack,0, failed,0, completeLatency,0, upTime,883_883_883_883_884_880_883_886_884_880_,Spid,querySource , emitt,0, ack,0, failed,0, completeLatency,0, upTime,881_,totall,Spid,Tweets , emitt,359063480, ack,0, failed,0, completeLatency,0, upTime,883_883_883_883_884_880_883_886_884_880_,Spid,querySource , emitt,5000000, ack,0, failed,0, completeLatency,0, upTime,881_,600,Bolt id,Tornado_index,Emitted,Tornado_index_bolt_extension_query,0,Tornado_index_bolt_extension_data,522051,,Eexecuted,querySource_default,0,Tweets_default,522052,,ExecutedstdquerySource_default,0,Tweets_default,1406.2486941815,,Eexecute_Latency,querySource_default,0,Tweets_default,0.0047162878,,minup time,880,maxup time,887,Bolt id,Tornado,Emitted,_bolt_output_extension,215456,,Eexecuted,Tornado_index_Tornado_index_bolt_extension_data,522008,Tornado_index_Tornado_index_bolt_extension_query,0,,ExecutedstdTornado_index_Tornado_index_bolt_extension_data,11471.7147274538,Tornado_index_Tornado_index_bolt_extension_query,0,,Eexecute_Latency,Tornado_index_Tornado_index_bolt_extension_data,0.0434186047,Tornado_index_Tornado_index_bolt_extension_query,0,,minup time,879,maxup time,887,total,Bolt id,Tornado_index,Emitted,Tornado_index_bolt_extension_query,5208460,Tornado_index_bolt_extension_data,358714040,,Eexecuted,querySource_default,5000000,Tweets_default,358713940,,ExecutedstdquerySource_default,0,Tweets_default,967399.83101301,,Eexecute_Latency,querySource_default,0.029388,Tweets_default,0.0047330982,,minup time,880,maxup time,887,Bolt id,Tornado,Emitted,_bolt_output_extension,148169620,,Eexecuted,Tornado_index_Tornado_index_bolt_extension_data,358704880,Tornado_index_Tornado_index_bolt_extension_query,5208520,,ExecutedstdTornado_index_Tornado_index_bolt_extension_data,7883719.78664769,Tornado_index_Tornado_index_bolt_extension_query,105994.808567259,,Eexecute_Latency,Tornado_index_Tornado_index_bolt_extension_data,0.0438997273,Tornado_index_Tornado_index_bolt_extension_query,0.0346959028,,minup time,879,maxup time,887
Topology Id, Tornado-413-1462050854,Number of Workers,58,600,Spid,Tweets , emitt,521946, ack,0, failed,0, completeLatency,0, upTime,943_946_946_943_944_943_946_946_944_944_,Spid,querySource , emitt,0, ack,0, failed,0, completeLatency,0, upTime,944_,totall,Spid,Tweets , emitt,391185780, ack,0, failed,0, completeLatency,0, upTime,943_946_946_943_944_943_946_946_944_944_,Spid,querySource , emitt,5000000, ack,0, failed,0, completeLatency,0, upTime,944_,600,Bolt id,Tornado_index,Emitted,Tornado_index_bolt_extension_query,0,Tornado_index_bolt_extension_data,521999,,Eexecuted,querySource_default,0,Tweets_default,522000,,ExecutedstdquerySource_default,0,Tweets_default,1506.3756037212,,Eexecute_Latency,querySource_default,0,Tweets_default,0.0047401509,,minup time,943,maxup time,947,Bolt id,Tornado,Emitted,_bolt_output_extension,215485,,Eexecuted,Tornado_index_Tornado_index_bolt_extension_data,521973,Tornado_index_Tornado_index_bolt_extension_query,0,,ExecutedstdTornado_index_Tornado_index_bolt_extension_data,11467.0815280129,Tornado_index_Tornado_index_bolt_extension_query,0,,Eexecute_Latency,Tornado_index_Tornado_index_bolt_extension_data,0.0434730786,Tornado_index_Tornado_index_bolt_extension_query,0,,minup time,942,maxup time,947,total,Bolt id,Tornado_index,Emitted,Tornado_index_bolt_extension_query,5208460,Tornado_index_bolt_extension_data,391171220,,Eexecuted,querySource_default,5000000,Tweets_default,391171120,,ExecutedstdquerySource_default,0,Tweets_default,1109480.40087962,,Eexecute_Latency,querySource_default,0.029388,Tweets_default,0.0047560677,,minup time,943,maxup time,947,Bolt id,Tornado,Emitted,_bolt_output_extension,161596840,,Eexecuted,Tornado_index_Tornado_index_bolt_extension_data,391117660,Tornado_index_Tornado_index_bolt_extension_query,5208520,,ExecutedstdTornado_index_Tornado_index_bolt_extension_data,8591754.28613645,Tornado_index_Tornado_index_bolt_extension_query,105994.808567259,,Eexecute_Latency,Tornado_index_Tornado_index_bolt_extension_data,0.0438727209,Tornado_index_Tornado_index_bolt_extension_query,0.0346959028,,minup time,942,maxup time,947
Topology Id, Tornado-413-1462050854,Number of Workers,58,600,Spid,Tweets , emitt,521304, ack,0, failed,0, completeLatency,0, upTime,1007_1009_1009_1007_1007_1006_1006_1009_1007_1004_,Spid,querySource , emitt,0, ack,0, failed,0, completeLatency,0, upTime,1004_,totall,Spid,Tweets , emitt,423449740, ack,0, failed,0, completeLatency,0, upTime,1007_1009_1009_1007_1007_1006_1006_1009_1007_1004_,Spid,querySource , emitt,5000000, ack,0, failed,0, completeLatency,0, upTime,1004_,600,Bolt id,Tornado_index,Emitted,Tornado_index_bolt_extension_query,0,Tornado_index_bolt_extension_data,521271,,Eexecuted,querySource_default,0,Tweets_default,521272,,ExecutedstdquerySource_default,0,Tweets_default,1540.5595531671,,Eexecute_Latency,querySource_default,0,Tweets_default,0.0047022155,,minup time,1005,maxup time,1010,Bolt id,Tornado,Emitted,_bolt_output_extension,214966,,Eexecuted,Tornado_index_Tornado_index_bolt_extension_data,521368,Tornado_index_Tornado_index_bolt_extension_query,0,,ExecutedstdTornado_index_Tornado_index_bolt_extension_data,11469.6049288324,Tornado_index_Tornado_index_bolt_extension_query,0,,Eexecute_Latency,Tornado_index_Tornado_index_bolt_extension_data,0.0435194793,Tornado_index_Tornado_index_bolt_extension_query,0,,minup time,1005,maxup time,1010,total,Bolt id,Tornado_index,Emitted,Tornado_index_bolt_extension_query,5208460,Tornado_index_bolt_extension_data,423612200,,Eexecuted,querySource_default,5000000,Tweets_default,423612120,,ExecutedstdquerySource_default,0,Tweets_default,1218511.93639455,,Eexecute_Latency,querySource_default,0.029388,Tweets_default,0.0047352494,,minup time,1005,maxup time,1010,Bolt id,Tornado,Emitted,_bolt_output_extension,174763600,,Eexecuted,Tornado_index_Tornado_index_bolt_extension_data,423389520,Tornado_index_Tornado_index_bolt_extension_query,5208520,,ExecutedstdTornado_index_Tornado_index_bolt_extension_data,9308090.47125253,Tornado_index_Tornado_index_bolt_extension_query,105994.808567259,,Eexecute_Latency,Tornado_index_Tornado_index_bolt_extension_data,0.0438618373,Tornado_index_Tornado_index_bolt_extension_query,0.0346959028,,minup time,1005,maxup time,1010
Topology Id, Tornado-413-1462050854,Number of Workers,58,600,Spid,Tweets , emitt,521029, ack,0, failed,0, completeLatency,0, upTime,1058_1060_1060_1058_1059_1057_1061_1060_1058_1055_,Spid,querySource , emitt,0, ack,0, failed,0, completeLatency,0, upTime,1058_,totall,Spid,Tweets , emitt,450029780, ack,0, failed,0, completeLatency,0, upTime,1058_1060_1060_1058_1059_1057_1061_1060_1058_1055_,Spid,querySource , emitt,5000000, ack,0, failed,0, completeLatency,0, upTime,1058_,600,Bolt id,Tornado_index,Emitted,Tornado_index_bolt_extension_query,0,Tornado_index_bolt_extension_data,520977,,Eexecuted,querySource_default,0,Tweets_default,520978,,ExecutedstdquerySource_default,0,Tweets_default,1542.4750967248,,Eexecute_Latency,querySource_default,0,Tweets_default,0.0046749099,,minup time,1056,maxup time,1061,Bolt id,Tornado,Emitted,_bolt_output_extension,215030,,Eexecuted,Tornado_index_Tornado_index_bolt_extension_data,521055,Tornado_index_Tornado_index_bolt_extension_query,0,,ExecutedstdTornado_index_Tornado_index_bolt_extension_data,11458.8988666499,Tornado_index_Tornado_index_bolt_extension_query,0,,Eexecute_Latency,Tornado_index_Tornado_index_bolt_extension_data,0.0437598936,Tornado_index_Tornado_index_bolt_extension_query,0,,minup time,1056,maxup time,1061,total,Bolt id,Tornado_index,Emitted,Tornado_index_bolt_extension_query,5208460,Tornado_index_bolt_extension_data,450029640,,Eexecuted,querySource_default,5000000,Tweets_default,450029560,,ExecutedstdquerySource_default,0,Tweets_default,1285764.73607888,,Eexecute_Latency,querySource_default,0.029388,Tweets_default,0.0047192747,,minup time,1056,maxup time,1061,Bolt id,Tornado,Emitted,_bolt_output_extension,185919160,,Eexecuted,Tornado_index_Tornado_index_bolt_extension_data,450109920,Tornado_index_Tornado_index_bolt_extension_query,5208520,,ExecutedstdTornado_index_Tornado_index_bolt_extension_data,9891624.63895368,Tornado_index_Tornado_index_bolt_extension_query,105994.808567259,,Eexecute_Latency,Tornado_index_Tornado_index_bolt_extension_data,0.0439573789,Tornado_index_Tornado_index_bolt_extension_query,0.0346959028,,minup time,1056,maxup time,1061
,,,,,,,,,,,,,,,,,,,,,,,,,,,,,,,,,,,,,,,,,,,,,,,,,,,,,,,,,,,,,,,,,,,,,,,,,,,,,,,,,,,,,,,,,,,,,,,,,,,,,,,,,,,,,,,,,,,,,,,,,,,,,,,,,,,,,,,,,,,,,,,,,,,,,,,,,,,,,,,,,,,,,,,
numberOfackers,0,evaluatorParrellism,36,routingParrellism,10,spoutParallesim,11,numberOfQueryKeywords,3,numberOfQueries,5000000,spatialRange,5,localIndexType,HYBRID_GRID,globalIndexType,PARTITIONED,,,,,,,,,,,,,,,,,,,,,,,,,,,,,,,,,,,,,,,,,,,,,,,,,,,,,,,,,,,,,,,,,,,,,,,,,,,,,,,,,,,,,,,,,,,,,,,,,,,,,,,,,,,,,,,,,,,,,,,,,,,,,,,,,,,,,,,,,,,,,,,,,,,,,,
Topology Id, Tornado-416-1462054064,Number of Workers,59,600,Spid,Tweets , emitt,564248, ack,0, failed,0, completeLatency,0, upTime,872_871_873_871_869_871_871_871_870_871_872_,Spid,querySource , emitt,0, ack,0, failed,0, completeLatency,0, upTime,872_,totall,Spid,Tweets , emitt,382834400, ack,0, failed,0, completeLatency,0, upTime,872_871_873_871_869_871_871_871_870_871_872_,Spid,querySource , emitt,5000000, ack,0, failed,0, completeLatency,0, upTime,872_,600,Bolt id,Tornado_index,Emitted,Tornado_index_bolt_extension_query,0,Tornado_index_bolt_extension_data,564176,,Eexecuted,querySource_default,0,Tweets_default,564176,,ExecutedstdquerySource_default,0,Tweets_default,3431.8611562029,,Eexecute_Latency,querySource_default,0,Tweets_default,0.0045174643,,minup time,869,maxup time,875,Bolt id,Tornado,Emitted,_bolt_output_extension,232863,,Eexecuted,Tornado_index_Tornado_index_bolt_extension_data,564193,Tornado_index_Tornado_index_bolt_extension_query,0,,ExecutedstdTornado_index_Tornado_index_bolt_extension_data,12401.5174661686,Tornado_index_Tornado_index_bolt_extension_query,0,,Eexecute_Latency,Tornado_index_Tornado_index_bolt_extension_data,0.0420535778,Tornado_index_Tornado_index_bolt_extension_query,0,,minup time,869,maxup time,876,total,Bolt id,Tornado_index,Emitted,Tornado_index_bolt_extension_query,5208480,Tornado_index_bolt_extension_data,383038180,,Eexecuted,querySource_default,5000000,Tweets_default,383038300,,ExecutedstdquerySource_default,0,Tweets_default,2269646.56567052,,Eexecute_Latency,querySource_default,0.026528,Tweets_default,0.0045158684,,minup time,869,maxup time,875,Bolt id,Tornado,Emitted,_bolt_output_extension,158227360,,Eexecuted,Tornado_index_Tornado_index_bolt_extension_data,383039320,Tornado_index_Tornado_index_bolt_extension_query,5208420,,ExecutedstdTornado_index_Tornado_index_bolt_extension_data,8416643.44007349,Tornado_index_Tornado_index_bolt_extension_query,105993.369328778,,Eexecute_Latency,Tornado_index_Tornado_index_bolt_extension_data,0.0421437425,Tornado_index_Tornado_index_bolt_extension_query,0.035226849,,minup time,869,maxup time,876
Topology Id, Tornado-416-1462054064,Number of Workers,59,600,Spid,Tweets , emitt,565217, ack,0, failed,0, completeLatency,0, upTime,935_934_937_934_932_934_932_935_933_935_935_,Spid,querySource , emitt,0, ack,0, failed,0, completeLatency,0, upTime,935_,totall,Spid,Tweets , emitt,418698840, ack,0, failed,0, completeLatency,0, upTime,935_934_937_934_932_934_932_935_933_935_935_,Spid,querySource , emitt,5000000, ack,0, failed,0, completeLatency,0, upTime,935_,600,Bolt id,Tornado_index,Emitted,Tornado_index_bolt_extension_query,0,Tornado_index_bolt_extension_data,565329,,Eexecuted,querySource_default,0,Tweets_default,565330,,ExecutedstdquerySource_default,0,Tweets_default,3544.2289966147,,Eexecute_Latency,querySource_default,0,Tweets_default,0.0045117835,,minup time,932,maxup time,938,Bolt id,Tornado,Emitted,_bolt_output_extension,233254,,Eexecuted,Tornado_index_Tornado_index_bolt_extension_data,565264,Tornado_index_Tornado_index_bolt_extension_query,0,,ExecutedstdTornado_index_Tornado_index_bolt_extension_data,12421.1894966462,Tornado_index_Tornado_index_bolt_extension_query,0,,Eexecute_Latency,Tornado_index_Tornado_index_bolt_extension_data,0.0421161606,Tornado_index_Tornado_index_bolt_extension_query,0,,minup time,932,maxup time,937,total,Bolt id,Tornado_index,Emitted,Tornado_index_bolt_extension_query,5208480,Tornado_index_bolt_extension_data,418601820,,Eexecuted,querySource_default,5000000,Tweets_default,418602080,,ExecutedstdquerySource_default,0,Tweets_default,2541823.87487725,,Eexecute_Latency,querySource_default,0.026528,Tweets_default,0.0045026743,,minup time,932,maxup time,938,Bolt id,Tornado,Emitted,_bolt_output_extension,172836020,,Eexecuted,Tornado_index_Tornado_index_bolt_extension_data,418514560,Tornado_index_Tornado_index_bolt_extension_query,5208420,,ExecutedstdTornado_index_Tornado_index_bolt_extension_data,9199447.95447726,Tornado_index_Tornado_index_bolt_extension_query,105993.369328778,,Eexecute_Latency,Tornado_index_Tornado_index_bolt_extension_data,0.042072737,Tornado_index_Tornado_index_bolt_extension_query,0.035226849,,minup time,932,maxup time,937
Topology Id, Tornado-416-1462054064,Number of Workers,59,600,Spid,Tweets , emitt,565719, ack,0, failed,0, completeLatency,0, upTime,995_997_997_997_995_998_995_995_996_995_995_,Spid,querySource , emitt,0, ack,0, failed,0, completeLatency,0, upTime,998_,totall,Spid,Tweets , emitt,453659360, ack,0, failed,0, completeLatency,0, upTime,995_997_997_997_995_998_995_995_996_995_995_,Spid,querySource , emitt,5000000, ack,0, failed,0, completeLatency,0, upTime,998_,600,Bolt id,Tornado_index,Emitted,Tornado_index_bolt_extension_query,0,Tornado_index_bolt_extension_data,565633,,Eexecuted,querySource_default,0,Tweets_default,565633,,ExecutedstdquerySource_default,0,Tweets_default,3638.6217359977,,Eexecute_Latency,querySource_default,0,Tweets_default,0.0044917719,,minup time,995,maxup time,999,Bolt id,Tornado,Emitted,_bolt_output_extension,233237,,Eexecuted,Tornado_index_Tornado_index_bolt_extension_data,565558,Tornado_index_Tornado_index_bolt_extension_query,0,,ExecutedstdTornado_index_Tornado_index_bolt_extension_data,12433.4935396509,Tornado_index_Tornado_index_bolt_extension_query,0,,Eexecute_Latency,Tornado_index_Tornado_index_bolt_extension_data,0.0421924716,Tornado_index_Tornado_index_bolt_extension_query,0,,minup time,994,maxup time,999,total,Bolt id,Tornado_index,Emitted,Tornado_index_bolt_extension_query,5208480,Tornado_index_bolt_extension_data,453807500,,Eexecuted,querySource_default,5000000,Tweets_default,453807800,,ExecutedstdquerySource_default,0,Tweets_default,2715551.25017371,,Eexecute_Latency,querySource_default,0.026528,Tweets_default,0.0044899741,,minup time,995,maxup time,999,Bolt id,Tornado,Emitted,_bolt_output_extension,187372040,,Eexecuted,Tornado_index_Tornado_index_bolt_extension_data,453716500,Tornado_index_Tornado_index_bolt_extension_query,5208420,,ExecutedstdTornado_index_Tornado_index_bolt_extension_data,9967602.16305007,Tornado_index_Tornado_index_bolt_extension_query,105993.369328778,,Eexecute_Latency,Tornado_index_Tornado_index_bolt_extension_data,0.0420524551,Tornado_index_Tornado_index_bolt_extension_query,0.035226849,,minup time,994,maxup time,999
Topology Id, Tornado-416-1462054064,Number of Workers,59,600,Spid,Tweets , emitt,565888, ack,0, failed,0, completeLatency,0, upTime,1058_1061_1060_1061_1056_1061_1058_1058_1060_1058_1059_,Spid,querySource , emitt,0, ack,0, failed,0, completeLatency,0, upTime,1058_,totall,Spid,Tweets , emitt,489448780, ack,0, failed,0, completeLatency,0, upTime,1058_1061_1060_1061_1056_1061_1058_1058_1060_1058_1059_,Spid,querySource , emitt,5000000, ack,0, failed,0, completeLatency,0, upTime,1058_,600,Bolt id,Tornado_index,Emitted,Tornado_index_bolt_extension_query,0,Tornado_index_bolt_extension_data,565958,,Eexecuted,querySource_default,0,Tweets_default,565958,,ExecutedstdquerySource_default,0,Tweets_default,3735.2966150708,,Eexecute_Latency,querySource_default,0,Tweets_default,0.0044716452,,minup time,1056,maxup time,1061,Bolt id,Tornado,Emitted,_bolt_output_extension,233453,,Eexecuted,Tornado_index_Tornado_index_bolt_extension_data,566019,Tornado_index_Tornado_index_bolt_extension_query,0,,ExecutedstdTornado_index_Tornado_index_bolt_extension_data,12448.8636729652,Tornado_index_Tornado_index_bolt_extension_query,0,,Eexecute_Latency,Tornado_index_Tornado_index_bolt_extension_data,0.042209978,Tornado_index_Tornado_index_bolt_extension_query,0,,minup time,1057,maxup time,1062,total,Bolt id,Tornado_index,Emitted,Tornado_index_bolt_extension_query,5208480,Tornado_index_bolt_extension_data,489098620,,Eexecuted,querySource_default,5000000,Tweets_default,489098780,,ExecutedstdquerySource_default,0,Tweets_default,3008937.13931614,,Eexecute_Latency,querySource_default,0.026528,Tweets_default,0.0044859543,,minup time,1056,maxup time,1061,Bolt id,Tornado,Emitted,_bolt_output_extension,202010260,,Eexecuted,Tornado_index_Tornado_index_bolt_extension_data,489222460,Tornado_index_Tornado_index_bolt_extension_query,5208420,,ExecutedstdTornado_index_Tornado_index_bolt_extension_data,10753592.4076811,Tornado_index_Tornado_index_bolt_extension_query,105993.369328778,,Eexecute_Latency,Tornado_index_Tornado_index_bolt_extension_data,0.042046727,Tornado_index_Tornado_index_bolt_extension_query,0.035226849,,minup time,1057,maxup time,1062
,,,,,,,,,,,,,,,,,,,,,,,,,,,,,,,,,,,,,,,,,,,,,,,,,,,,,,,,,,,,,,,,,,,,,,,,,,,,,,,,,,,,,,,,,,,,,,,,,,,,,,,,,,,,,,,,,,,,,,,,,,,,,,,,,,,,,,,,,,,,,,,,,,,,,,,,,,,,,,,,,,,,,,,
numberOfackers,0,evaluatorParrellism,36,routingParrellism,10,spoutParallesim,20,numberOfQueryKeywords,3,numberOfQueries,5000000,spatialRange,5,localIndexType,HYBRID_GRID,globalIndexType,PARTITIONED,,,,,,,,,,,,,,,,,,,,,,,,,,,,,,,,,,,,,,,,,,,,,,,,,,,,,,,,,,,,,,,,,,,,,,,,,,,,,,,,,,,,,,,,,,,,,,,,,,,,,,,,,,,,,,,,,,,,,,,,,,,,,,,,,,,,,,,,,,,,,,,,,,,,,,
Topology Id, Tornado-418-1462056726,Number of Workers,68,600,Spid,Tweets , emitt,611893, ack,0, failed,0, completeLatency,0, upTime,869_864_871_868_871_871_870_868_869_868_871_869_868_871_868_870_871_871_871_868_,Spid,querySource , emitt,0, ack,0, failed,0, completeLatency,0, upTime,867_,totall,Spid,Tweets , emitt,404384020, ack,0, failed,0, completeLatency,0, upTime,869_864_871_868_871_871_870_868_869_868_871_869_868_871_868_870_871_871_871_868_,Spid,querySource , emitt,4999980, ack,0, failed,0, completeLatency,0, upTime,867_,600,Bolt id,Tornado_index,Emitted,Tornado_index_bolt_extension_query,0,Tornado_index_bolt_extension_data,612505,,Eexecuted,querySource_default,0,Tweets_default,612506,,ExecutedstdquerySource_default,0,Tweets_default,7442.062118491,,Eexecute_Latency,querySource_default,0,Tweets_default,0.0041613084,,minup time,866,maxup time,871,Bolt id,Tornado,Emitted,_bolt_output_extension,252071,,Eexecuted,Tornado_index_Tornado_index_bolt_extension_data,612445,Tornado_index_Tornado_index_bolt_extension_query,0,,ExecutedstdTornado_index_Tornado_index_bolt_extension_data,13503.3295600164,Tornado_index_Tornado_index_bolt_extension_query,0,,Eexecute_Latency,Tornado_index_Tornado_index_bolt_extension_data,0.0405503416,Tornado_index_Tornado_index_bolt_extension_query,0,,minup time,866,maxup time,874,total,Bolt id,Tornado_index,Emitted,Tornado_index_bolt_extension_query,5208360,Tornado_index_bolt_extension_data,403841400,,Eexecuted,querySource_default,4999980,Tweets_default,403841380,,ExecutedstdquerySource_default,6,Tweets_default,4789925.9961085,,Eexecute_Latency,querySource_default,0.0253561003,Tweets_default,0.0041928194,,minup time,866,maxup time,871,Bolt id,Tornado,Emitted,_bolt_output_extension,166761560,,Eexecuted,Tornado_index_Tornado_index_bolt_extension_data,403554400,Tornado_index_Tornado_index_bolt_extension_query,5208400,,ExecutedstdTornado_index_Tornado_index_bolt_extension_data,8870284.34824212,Tornado_index_Tornado_index_bolt_extension_query,105993.03444386,,Eexecute_Latency,Tornado_index_Tornado_index_bolt_extension_data,0.0408364724,Tornado_index_Tornado_index_bolt_extension_query,0.0325050677,,minup time,866,maxup time,874
Topology Id, Tornado-418-1462056726,Number of Workers,68,600,Spid,Tweets , emitt,617908, ack,0, failed,0, completeLatency,0, upTime,932_928_934_931_931_935_934_932_929_929_934_929_932_934_931_933_934_934_935_931_,Spid,querySource , emitt,0, ack,0, failed,0, completeLatency,0, upTime,930_,totall,Spid,Tweets , emitt,445170740, ack,0, failed,0, completeLatency,0, upTime,932_928_934_931_931_935_934_932_929_929_934_929_932_934_931_933_934_934_935_931_,Spid,querySource , emitt,4999980, ack,0, failed,0, completeLatency,0, upTime,930_,600,Bolt id,Tornado_index,Emitted,Tornado_index_bolt_extension_query,0,Tornado_index_bolt_extension_data,614645,,Eexecuted,querySource_default,0,Tweets_default,614646,,ExecutedstdquerySource_default,0,Tweets_default,7271.6883834145,,Eexecute_Latency,querySource_default,0,Tweets_default,0.0041605264,,minup time,929,maxup time,934,Bolt id,Tornado,Emitted,_bolt_output_extension,253709,,Eexecuted,Tornado_index_Tornado_index_bolt_extension_data,614460,Tornado_index_Tornado_index_bolt_extension_query,0,,ExecutedstdTornado_index_Tornado_index_bolt_extension_data,13502.798294098,Tornado_index_Tornado_index_bolt_extension_query,0,,Eexecute_Latency,Tornado_index_Tornado_index_bolt_extension_data,0.0404754815,Tornado_index_Tornado_index_bolt_extension_query,0,,minup time,928,maxup time,935,total,Bolt id,Tornado_index,Emitted,Tornado_index_bolt_extension_query,5208360,Tornado_index_bolt_extension_data,441237500,,Eexecuted,querySource_default,4999980,Tweets_default,441237480,,ExecutedstdquerySource_default,6,Tweets_default,5181987.18962678,,Eexecute_Latency,querySource_default,0.0253561003,Tweets_default,0.0041951406,,minup time,929,maxup time,934,Bolt id,Tornado,Emitted,_bolt_output_extension,182257480,,Eexecuted,Tornado_index_Tornado_index_bolt_extension_data,440953640,Tornado_index_Tornado_index_bolt_extension_query,5208400,,ExecutedstdTornado_index_Tornado_index_bolt_extension_data,9686404.96123794,Tornado_index_Tornado_index_bolt_extension_query,105993.03444386,,Eexecute_Latency,Tornado_index_Tornado_index_bolt_extension_data,0.0408723824,Tornado_index_Tornado_index_bolt_extension_query,0.0325050677,,minup time,928,maxup time,935
Topology Id, Tornado-418-1462056726,Number of Workers,68,600,Spid,Tweets , emitt,622819, ack,0, failed,0, completeLatency,0, upTime,992_991_997_992_994_998_994_995_993_992_994_992_992_997_994_994_994_998_995_995_,Spid,querySource , emitt,0, ack,0, failed,0, completeLatency,0, upTime,991_,totall,Spid,Tweets , emitt,485507960, ack,0, failed,0, completeLatency,0, upTime,992_991_997_992_994_998_994_995_993_992_994_992_992_997_994_994_994_998_995_995_,Spid,querySource , emitt,4999980, ack,0, failed,0, completeLatency,0, upTime,991_,600,Bolt id,Tornado_index,Emitted,Tornado_index_bolt_extension_query,0,Tornado_index_bolt_extension_data,617419,,Eexecuted,querySource_default,0,Tweets_default,617420,,ExecutedstdquerySource_default,0,Tweets_default,7541.3132149198,,Eexecute_Latency,querySource_default,0,Tweets_default,0.0041488924,,minup time,991,maxup time,995,Bolt id,Tornado,Emitted,_bolt_output_extension,254835,,Eexecuted,Tornado_index_Tornado_index_bolt_extension_data,617035,Tornado_index_Tornado_index_bolt_extension_query,0,,ExecutedstdTornado_index_Tornado_index_bolt_extension_data,13538.9858049497,Tornado_index_Tornado_index_bolt_extension_query,0,,Eexecute_Latency,Tornado_index_Tornado_index_bolt_extension_data,0.0404468465,Tornado_index_Tornado_index_bolt_extension_query,0,,minup time,991,maxup time,998,total,Bolt id,Tornado_index,Emitted,Tornado_index_bolt_extension_query,5208360,Tornado_index_bolt_extension_data,480618460,,Eexecuted,querySource_default,4999980,Tweets_default,480618420,,ExecutedstdquerySource_default,6,Tweets_default,5736790.91243493,,Eexecute_Latency,querySource_default,0.0253561003,Tweets_default,0.0041795259,,minup time,991,maxup time,995,Bolt id,Tornado,Emitted,_bolt_output_extension,198530720,,Eexecuted,Tornado_index_Tornado_index_bolt_extension_data,480634680,Tornado_index_Tornado_index_bolt_extension_query,5208400,,ExecutedstdTornado_index_Tornado_index_bolt_extension_data,10563245.2773036,Tornado_index_Tornado_index_bolt_extension_query,105993.03444386,,Eexecute_Latency,Tornado_index_Tornado_index_bolt_extension_data,0.0407654353,Tornado_index_Tornado_index_bolt_extension_query,0.0325050677,,minup time,991,maxup time,998
Topology Id, Tornado-418-1462056726,Number of Workers,68,600,Spid,Tweets , emitt,617175, ack,0, failed,0, completeLatency,0, upTime,1056_1051_1057_1055_1058_1058_1057_1055_1056_1055_1057_1055_1055_1058_1054_1057_1057_1058_1058_1055_,Spid,querySource , emitt,0, ack,0, failed,0, completeLatency,0, upTime,1054_,totall,Spid,Tweets , emitt,520116040, ack,0, failed,0, completeLatency,0, upTime,1056_1051_1057_1055_1058_1058_1057_1055_1056_1055_1057_1055_1055_1058_1054_1057_1057_1058_1058_1055_,Spid,querySource , emitt,4999980, ack,0, failed,0, completeLatency,0, upTime,1054_,600,Bolt id,Tornado_index,Emitted,Tornado_index_bolt_extension_query,0,Tornado_index_bolt_extension_data,614250,,Eexecuted,querySource_default,0,Tweets_default,614250,,ExecutedstdquerySource_default,0,Tweets_default,7302.6998178568,,Eexecute_Latency,querySource_default,0,Tweets_default,0.0041423728,,minup time,1052,maxup time,1058,Bolt id,Tornado,Emitted,_bolt_output_extension,253637,,Eexecuted,Tornado_index_Tornado_index_bolt_extension_data,614211,Tornado_index_Tornado_index_bolt_extension_query,0,,ExecutedstdTornado_index_Tornado_index_bolt_extension_data,13484.0787236746,Tornado_index_Tornado_index_bolt_extension_query,0,,Eexecute_Latency,Tornado_index_Tornado_index_bolt_extension_data,0.0402915223,Tornado_index_Tornado_index_bolt_extension_query,0,,minup time,1053,maxup time,1061,total,Bolt id,Tornado_index,Emitted,Tornado_index_bolt_extension_query,5208360,Tornado_index_bolt_extension_data,516989840,,Eexecuted,querySource_default,4999980,Tweets_default,516989780,,ExecutedstdquerySource_default,6,Tweets_default,6082196.14813893,,Eexecute_Latency,querySource_default,0.0253561003,Tweets_default,0.0041654673,,minup time,1052,maxup time,1058,Bolt id,Tornado,Emitted,_bolt_output_extension,213621940,,Eexecuted,Tornado_index_Tornado_index_bolt_extension_data,516738800,Tornado_index_Tornado_index_bolt_extension_query,5208400,,ExecutedstdTornado_index_Tornado_index_bolt_extension_data,11349924.7687904,Tornado_index_Tornado_index_bolt_extension_query,105993.03444386,,Eexecute_Latency,Tornado_index_Tornado_index_bolt_extension_data,0.0407484501,Tornado_index_Tornado_index_bolt_extension_query,0.0325050677,,minup time,1053,maxup time,1061
,,,,,,,,,,,,,,,,,,,,,,,,,,,,,,,,,,,,,,,,,,,,,,,,,,,,,,,,,,,,,,,,,,,,,,,,,,,,,,,,,,,,,,,,,,,,,,,,,,,,,,,,,,,,,,,,,,,,,,,,,,,,,,,,,,,,,,,,,,,,,,,,,,,,,,,,,,,,,,,,,,,,,,,
numberOfackers,0,evaluatorParrellism,36,routingParrellism,10,spoutParallesim,20,numberOfQueryKeywords,3,numberOfQueries,5000000,spatialRange,5,localIndexType,HYBRID_GRID,globalIndexType,PARTITIONED,,,,,,,,,,,,,,,,,,,,,,,,,,,,,,,,,,,,,,,,,,,,,,,,,,,,,,,,,,,,,,,,,,,,,,,,,,,,,,,,,,,,,,,,,,,,,,,,,,,,,,,,,,,,,,,,,,,,,,,,,,,,,,,,,,,,,,,,,,,,,,,,,,,,,,
Topology Id, Tornado-420-1462059971,Number of Workers,68,600,Spid,Tweets , emitt,613682, ack,0, failed,0, completeLatency,0, upTime,880_877_883_880_880_883_883_880_878_880_883_877_881_883_880_883_883_883_881_880_,Spid,querySource , emitt,0, ack,0, failed,0, completeLatency,0, upTime,880_,totall,Spid,Tweets , emitt,416829540, ack,0, failed,0, completeLatency,0, upTime,880_877_883_880_880_883_883_880_878_880_883_877_881_883_880_883_883_883_881_880_,Spid,querySource , emitt,4999980, ack,0, failed,0, completeLatency,0, upTime,880_,600,Bolt id,Tornado_index,Emitted,Tornado_index_bolt_extension_query,0,Tornado_index_bolt_extension_data,610272,,Eexecuted,querySource_default,0,Tweets_default,610273,,ExecutedstdquerySource_default,0,Tweets_default,6779.356004811,,Eexecute_Latency,querySource_default,0,Tweets_default,0.0040963471,,minup time,877,maxup time,884,Bolt id,Tornado,Emitted,_bolt_output_extension,251495,,Eexecuted,Tornado_index_Tornado_index_bolt_extension_data,610302,Tornado_index_Tornado_index_bolt_extension_query,0,,ExecutedstdTornado_index_Tornado_index_bolt_extension_data,13441.6775542219,Tornado_index_Tornado_index_bolt_extension_query,0,,Eexecute_Latency,Tornado_index_Tornado_index_bolt_extension_data,0.040657961,Tornado_index_Tornado_index_bolt_extension_query,0,,minup time,877,maxup time,884,total,Bolt id,Tornado_index,Emitted,Tornado_index_bolt_extension_query,5208440,Tornado_index_bolt_extension_data,411920380,,Eexecuted,querySource_default,5000000,Tweets_default,411920400,,ExecutedstdquerySource_default,0,Tweets_default,4503287.11638954,,Eexecute_Latency,querySource_default,0.025932,Tweets_default,0.0041199939,,minup time,877,maxup time,884,Bolt id,Tornado,Emitted,_bolt_output_extension,170196920,,Eexecuted,Tornado_index_Tornado_index_bolt_extension_data,411721000,Tornado_index_Tornado_index_bolt_extension_query,5208380,,ExecutedstdTornado_index_Tornado_index_bolt_extension_data,9045529.26772191,Tornado_index_Tornado_index_bolt_extension_query,105989.296855105,,Eexecute_Latency,Tornado_index_Tornado_index_bolt_extension_data,0.0409551985,Tornado_index_Tornado_index_bolt_extension_query,0.0358785048,,minup time,877,maxup time,884
Topology Id, Tornado-420-1462059971,Number of Workers,68,600,Spid,Tweets , emitt,600786, ack,0, failed,0, completeLatency,0, upTime,943_940_943_943_943_943_944_940_941_943_944_940_941_943_940_946_944_943_944_943_,Spid,querySource , emitt,0, ack,0, failed,0, completeLatency,0, upTime,941_,totall,Spid,Tweets , emitt,450204980, ack,0, failed,0, completeLatency,0, upTime,943_940_943_943_943_943_944_940_941_943_944_940_941_943_940_946_944_943_944_943_,Spid,querySource , emitt,4999980, ack,0, failed,0, completeLatency,0, upTime,941_,600,Bolt id,Tornado_index,Emitted,Tornado_index_bolt_extension_query,0,Tornado_index_bolt_extension_data,607232,,Eexecuted,querySource_default,0,Tweets_default,607232,,ExecutedstdquerySource_default,0,Tweets_default,6543.796755207,,Eexecute_Latency,querySource_default,0,Tweets_default,0.0040962843,,minup time,938,maxup time,944,Bolt id,Tornado,Emitted,_bolt_output_extension,250959,,Eexecuted,Tornado_index_Tornado_index_bolt_extension_data,607451,Tornado_index_Tornado_index_bolt_extension_query,0,,ExecutedstdTornado_index_Tornado_index_bolt_extension_data,13350.1949182278,Tornado_index_Tornado_index_bolt_extension_query,0,,Eexecute_Latency,Tornado_index_Tornado_index_bolt_extension_data,0.040533966,Tornado_index_Tornado_index_bolt_extension_query,0,,minup time,940,maxup time,946,total,Bolt id,Tornado_index,Emitted,Tornado_index_bolt_extension_query,5208440,Tornado_index_bolt_extension_data,448532780,,Eexecuted,querySource_default,5000000,Tweets_default,448532660,,ExecutedstdquerySource_default,0,Tweets_default,4890615.55857379,,Eexecute_Latency,querySource_default,0.025932,Tweets_default,0.0041239739,,minup time,938,maxup time,944,Bolt id,Tornado,Emitted,_bolt_output_extension,185441640,,Eexecuted,Tornado_index_Tornado_index_bolt_extension_data,448624680,Tornado_index_Tornado_index_bolt_extension_query,5208380,,ExecutedstdTornado_index_Tornado_index_bolt_extension_data,9855690.62408617,Tornado_index_Tornado_index_bolt_extension_query,105989.296855105,,Eexecute_Latency,Tornado_index_Tornado_index_bolt_extension_data,0.0408669211,Tornado_index_Tornado_index_bolt_extension_query,0.0358785048,,minup time,940,maxup time,946
Topology Id, Tornado-420-1462059971,Number of Workers,68,600,Spid,Tweets , emitt,600915, ack,0, failed,0, completeLatency,0, upTime,1003_1000_1007_1003_1006_1006_1007_1003_1002_1003_1007_1001_1004_1007_1003_1006_1007_1007_1004_1004_,Spid,querySource , emitt,0, ack,0, failed,0, completeLatency,0, upTime,1004_,totall,Spid,Tweets , emitt,487125120, ack,0, failed,0, completeLatency,0, upTime,1003_1000_1007_1003_1006_1006_1007_1003_1002_1003_1007_1001_1004_1007_1003_1006_1007_1007_1004_1004_,Spid,querySource , emitt,4999980, ack,0, failed,0, completeLatency,0, upTime,1004_,600,Bolt id,Tornado_index,Emitted,Tornado_index_bolt_extension_query,0,Tornado_index_bolt_extension_data,607475,,Eexecuted,querySource_default,0,Tweets_default,607474,,ExecutedstdquerySource_default,0,Tweets_default,6841.7547322234,,Eexecute_Latency,querySource_default,0,Tweets_default,0.0040958096,,minup time,1001,maxup time,1007,Bolt id,Tornado,Emitted,_bolt_output_extension,250872,,Eexecuted,Tornado_index_Tornado_index_bolt_extension_data,607391,Tornado_index_Tornado_index_bolt_extension_query,0,,ExecutedstdTornado_index_Tornado_index_bolt_extension_data,13330.6237751754,Tornado_index_Tornado_index_bolt_extension_query,0,,Eexecute_Latency,Tornado_index_Tornado_index_bolt_extension_data,0.0405744144,Tornado_index_Tornado_index_bolt_extension_query,0,,minup time,1000,maxup time,1008,total,Bolt id,Tornado_index,Emitted,Tornado_index_bolt_extension_query,5208440,Tornado_index_bolt_extension_data,487134800,,Eexecuted,querySource_default,5000000,Tweets_default,487134680,,ExecutedstdquerySource_default,0,Tweets_default,5464997.69389302,,Eexecute_Latency,querySource_default,0.025932,Tweets_default,0.0041195958,,minup time,1001,maxup time,1007,Bolt id,Tornado,Emitted,_bolt_output_extension,201291100,,Eexecuted,Tornado_index_Tornado_index_bolt_extension_data,487140820,Tornado_index_Tornado_index_bolt_extension_query,5208380,,ExecutedstdTornado_index_Tornado_index_bolt_extension_data,10705076.8429724,Tornado_index_Tornado_index_bolt_extension_query,105989.296855105,,Eexecute_Latency,Tornado_index_Tornado_index_bolt_extension_data,0.0408294757,Tornado_index_Tornado_index_bolt_extension_query,0.0358785048,,minup time,1000,maxup time,1008
Topology Id, Tornado-420-1462059971,Number of Workers,68,600,Spid,Tweets , emitt,607983, ack,0, failed,0, completeLatency,0, upTime,1066_1064_1070_1066_1067_1069_1070_1067_1065_1066_1070_1064_1067_1070_1066_1069_1070_1070_1067_1067_,Spid,querySource , emitt,0, ack,0, failed,0, completeLatency,0, upTime,1067_,totall,Spid,Tweets , emitt,526207760, ack,0, failed,0, completeLatency,0, upTime,1066_1064_1070_1066_1067_1069_1070_1067_1065_1066_1070_1064_1067_1070_1066_1069_1070_1070_1067_1067_,Spid,querySource , emitt,4999980, ack,0, failed,0, completeLatency,0, upTime,1067_,600,Bolt id,Tornado_index,Emitted,Tornado_index_bolt_extension_query,0,Tornado_index_bolt_extension_data,608476,,Eexecuted,querySource_default,0,Tweets_default,608476,,ExecutedstdquerySource_default,0,Tweets_default,7224.6166771693,,Eexecute_Latency,querySource_default,0,Tweets_default,0.0041043007,,minup time,1064,maxup time,1070,Bolt id,Tornado,Emitted,_bolt_output_extension,251308,,Eexecuted,Tornado_index_Tornado_index_bolt_extension_data,608596,Tornado_index_Tornado_index_bolt_extension_query,0,,ExecutedstdTornado_index_Tornado_index_bolt_extension_data,13359.5334793349,Tornado_index_Tornado_index_bolt_extension_query,0,,Eexecute_Latency,Tornado_index_Tornado_index_bolt_extension_data,0.0404091191,Tornado_index_Tornado_index_bolt_extension_query,0,,minup time,1063,maxup time,1070,total,Bolt id,Tornado_index,Emitted,Tornado_index_bolt_extension_query,5208440,Tornado_index_bolt_extension_data,524985140,,Eexecuted,querySource_default,5000000,Tweets_default,524985000,,ExecutedstdquerySource_default,0,Tweets_default,5942814.52494018,,Eexecute_Latency,querySource_default,0.025932,Tweets_default,0.0041310392,,minup time,1064,maxup time,1070,Bolt id,Tornado,Emitted,_bolt_output_extension,216840660,,Eexecuted,Tornado_index_Tornado_index_bolt_extension_data,524466400,Tornado_index_Tornado_index_bolt_extension_query,5208380,,ExecutedstdTornado_index_Tornado_index_bolt_extension_data,11516496.1304127,Tornado_index_Tornado_index_bolt_extension_query,105989.296855105,,Eexecute_Latency,Tornado_index_Tornado_index_bolt_extension_data,0.0408184239,Tornado_index_Tornado_index_bolt_extension_query,0.0358785048,,minup time,1063,maxup time,1070
,,,,,,,,,,,,,,,,,,,,,,,,,,,,,,,,,,,,,,,,,,,,,,,,,,,,,,,,,,,,,,,,,,,,,,,,,,,,,,,,,,,,,,,,,,,,,,,,,,,,,,,,,,,,,,,,,,,,,,,,,,,,,,,,,,,,,,,,,,,,,,,,,,,,,,,,,,,,,,,,,,,,,,,
numberOfackers,0,evaluatorParrellism,36,routingParrellism,10,spoutParallesim,15,numberOfQueryKeywords,3,numberOfQueries,5000000,spatialRange,5,localIndexType,HYBRID_GRID,globalIndexType,PARTITIONED,,,,,,,,,,,,,,,,,,,,,,,,,,,,,,,,,,,,,,,,,,,,,,,,,,,,,,,,,,,,,,,,,,,,,,,,,,,,,,,,,,,,,,,,,,,,,,,,,,,,,,,,,,,,,,,,,,,,,,,,,,,,,,,,,,,,,,,,,,,,,,,,,,,,,,
Topology Id, Tornado-22-1462115152,Number of Workers,63,600,Spid,Tweets , emitt,610994, ack,0, failed,0, completeLatency,0, upTime,887_883_886_883_886_886_884_886_883_883_886_886_886_883_882_,Spid,querySource , emitt,0, ack,0, failed,0, completeLatency,0, upTime,881_,totall,Spid,Tweets , emitt,420407740, ack,0, failed,0, completeLatency,0, upTime,887_883_886_883_886_886_884_886_883_883_886_886_886_883_882_,Spid,querySource , emitt,5000000, ack,0, failed,0, completeLatency,0, upTime,881_,600,Bolt id,Tornado_index,Emitted,Tornado_index_bolt_extension_query,0,Tornado_index_bolt_extension_data,611016,,Eexecuted,querySource_default,0,Tweets_default,611017,,ExecutedstdquerySource_default,0,Tweets_default,6786.9562305183,,Eexecute_Latency,querySource_default,0,Tweets_default,0.0039815006,,minup time,878,maxup time,887,Bolt id,Tornado,Emitted,_bolt_output_extension,251843,,Eexecuted,Tornado_index_Tornado_index_bolt_extension_data,610947,Tornado_index_Tornado_index_bolt_extension_query,0,,ExecutedstdTornado_index_Tornado_index_bolt_extension_data,13444.4464535609,Tornado_index_Tornado_index_bolt_extension_query,0,,Eexecute_Latency,Tornado_index_Tornado_index_bolt_extension_data,0.0368256694,Tornado_index_Tornado_index_bolt_extension_query,0,,minup time,879,maxup time,887,total,Bolt id,Tornado_index,Emitted,Tornado_index_bolt_extension_query,5208480,Tornado_index_bolt_extension_data,420267660,,Eexecuted,querySource_default,5000000,Tweets_default,420267740,,ExecutedstdquerySource_default,0,Tweets_default,4643795.28939035,,Eexecute_Latency,querySource_default,0.029436,Tweets_default,0.0039881476,,minup time,878,maxup time,887,Bolt id,Tornado,Emitted,_bolt_output_extension,173533960,,Eexecuted,Tornado_index_Tornado_index_bolt_extension_data,420158620,Tornado_index_Tornado_index_bolt_extension_query,5208480,,ExecutedstdTornado_index_Tornado_index_bolt_extension_data,9232286.96536978,Tornado_index_Tornado_index_bolt_extension_query,105992.683604944,,Eexecute_Latency,Tornado_index_Tornado_index_bolt_extension_data,0.0368539156,Tornado_index_Tornado_index_bolt_extension_query,0.0346437127,,minup time,879,maxup time,887
Topology Id, Tornado-22-1462115152,Number of Workers,63,600,Spid,Tweets , emitt,611283, ack,0, failed,0, completeLatency,0, upTime,947_946_949_946_946_946_944_949_946_946_949_946_949_947_945_,Spid,querySource , emitt,0, ack,0, failed,0, completeLatency,0, upTime,941_,totall,Spid,Tweets , emitt,459399960, ack,0, failed,0, completeLatency,0, upTime,947_946_949_946_946_946_944_949_946_946_949_946_949_947_945_,Spid,querySource , emitt,5000000, ack,0, failed,0, completeLatency,0, upTime,941_,600,Bolt id,Tornado_index,Emitted,Tornado_index_bolt_extension_query,0,Tornado_index_bolt_extension_data,611448,,Eexecuted,querySource_default,0,Tweets_default,611449,,ExecutedstdquerySource_default,0,Tweets_default,6714.6609726722,,Eexecute_Latency,querySource_default,0,Tweets_default,0.0039977498,,minup time,941,maxup time,949,Bolt id,Tornado,Emitted,_bolt_output_extension,252541,,Eexecuted,Tornado_index_Tornado_index_bolt_extension_data,611460,Tornado_index_Tornado_index_bolt_extension_query,0,,ExecutedstdTornado_index_Tornado_index_bolt_extension_data,13427.4590623217,Tornado_index_Tornado_index_bolt_extension_query,0,,Eexecute_Latency,Tornado_index_Tornado_index_bolt_extension_data,0.0369958702,Tornado_index_Tornado_index_bolt_extension_query,0,,minup time,939,maxup time,949,total,Bolt id,Tornado_index,Emitted,Tornado_index_bolt_extension_query,5208480,Tornado_index_bolt_extension_data,458935920,,Eexecuted,querySource_default,5000000,Tweets_default,458935960,,ExecutedstdquerySource_default,0,Tweets_default,5076798.39505017,,Eexecute_Latency,querySource_default,0.029436,Tweets_default,0.003988142,,minup time,941,maxup time,949,Bolt id,Tornado,Emitted,_bolt_output_extension,189741040,,Eexecuted,Tornado_index_Tornado_index_bolt_extension_data,459129160,Tornado_index_Tornado_index_bolt_extension_query,5208480,,ExecutedstdTornado_index_Tornado_index_bolt_extension_data,10086619.0701469,Tornado_index_Tornado_index_bolt_extension_query,105992.683604944,,Eexecute_Latency,Tornado_index_Tornado_index_bolt_extension_data,0.0367844357,Tornado_index_Tornado_index_bolt_extension_query,0.0346437127,,minup time,939,maxup time,949
Topology Id, Tornado-22-1462115152,Number of Workers,63,600,Spid,Tweets , emitt,611898, ack,0, failed,0, completeLatency,0, upTime,1010_1006_1010_1007_1009_1009_1007_1009_1007_1006_1009_1009_1009_1007_1009_,Spid,querySource , emitt,0, ack,0, failed,0, completeLatency,0, upTime,1004_,totall,Spid,Tweets , emitt,497821920, ack,0, failed,0, completeLatency,0, upTime,1010_1006_1010_1007_1009_1009_1007_1009_1007_1006_1009_1009_1009_1007_1009_,Spid,querySource , emitt,5000000, ack,0, failed,0, completeLatency,0, upTime,1004_,600,Bolt id,Tornado_index,Emitted,Tornado_index_bolt_extension_query,0,Tornado_index_bolt_extension_data,611854,,Eexecuted,querySource_default,0,Tweets_default,611855,,ExecutedstdquerySource_default,0,Tweets_default,6734.2003958115,,Eexecute_Latency,querySource_default,0,Tweets_default,0.0039682775,,minup time,1001,maxup time,1010,Bolt id,Tornado,Emitted,_bolt_output_extension,252418,,Eexecuted,Tornado_index_Tornado_index_bolt_extension_data,611898,Tornado_index_Tornado_index_bolt_extension_query,0,,ExecutedstdTornado_index_Tornado_index_bolt_extension_data,13448.087993761,Tornado_index_Tornado_index_bolt_extension_query,0,,Eexecute_Latency,Tornado_index_Tornado_index_bolt_extension_data,0.0368278405,Tornado_index_Tornado_index_bolt_extension_query,0,,minup time,1002,maxup time,1011,total,Bolt id,Tornado_index,Emitted,Tornado_index_bolt_extension_query,5208480,Tornado_index_bolt_extension_data,498038380,,Eexecuted,querySource_default,5000000,Tweets_default,498038460,,ExecutedstdquerySource_default,0,Tweets_default,5518085.53788757,,Eexecute_Latency,querySource_default,0.029436,Tweets_default,0.0039719023,,minup time,1001,maxup time,1010,Bolt id,Tornado,Emitted,_bolt_output_extension,205545880,,Eexecuted,Tornado_index_Tornado_index_bolt_extension_data,497607780,Tornado_index_Tornado_index_bolt_extension_query,5208480,,ExecutedstdTornado_index_Tornado_index_bolt_extension_data,10930584.6185222,Tornado_index_Tornado_index_bolt_extension_query,105992.683604944,,Eexecute_Latency,Tornado_index_Tornado_index_bolt_extension_data,0.0367736265,Tornado_index_Tornado_index_bolt_extension_query,0.0346437127,,minup time,1002,maxup time,1011
Topology Id, Tornado-22-1462115152,Number of Workers,63,600,Spid,Tweets , emitt,613626, ack,0, failed,0, completeLatency,0, upTime,1061_1060_1061_1058_1061_1060_1058_1060_1061_1057_1063_1060_1061_1061_1060_,Spid,querySource , emitt,0, ack,0, failed,0, completeLatency,0, upTime,1055_,totall,Spid,Tweets , emitt,530694780, ack,0, failed,0, completeLatency,0, upTime,1061_1060_1061_1058_1061_1060_1058_1060_1061_1057_1063_1060_1061_1061_1060_,Spid,querySource , emitt,5000000, ack,0, failed,0, completeLatency,0, upTime,1055_,600,Bolt id,Tornado_index,Emitted,Tornado_index_bolt_extension_query,0,Tornado_index_bolt_extension_data,613414,,Eexecuted,querySource_default,0,Tweets_default,613414,,ExecutedstdquerySource_default,0,Tweets_default,6806.2632526524,,Eexecute_Latency,querySource_default,0,Tweets_default,0.0039996585,,minup time,1053,maxup time,1064,Bolt id,Tornado,Emitted,_bolt_output_extension,252908,,Eexecuted,Tornado_index_Tornado_index_bolt_extension_data,613374,Tornado_index_Tornado_index_bolt_extension_query,0,,ExecutedstdTornado_index_Tornado_index_bolt_extension_data,13495.1174658326,Tornado_index_Tornado_index_bolt_extension_query,0,,Eexecute_Latency,Tornado_index_Tornado_index_bolt_extension_data,0.0367536016,Tornado_index_Tornado_index_bolt_extension_query,0,,minup time,1053,maxup time,1063,total,Bolt id,Tornado_index,Emitted,Tornado_index_bolt_extension_query,5208480,Tornado_index_bolt_extension_data,530483560,,Eexecuted,querySource_default,5000000,Tweets_default,530483600,,ExecutedstdquerySource_default,0,Tweets_default,5923864.16686946,,Eexecute_Latency,querySource_default,0.029436,Tweets_default,0.0039787816,,minup time,1053,maxup time,1064,Bolt id,Tornado,Emitted,_bolt_output_extension,218979480,,Eexecuted,Tornado_index_Tornado_index_bolt_extension_data,530224920,Tornado_index_Tornado_index_bolt_extension_query,5208480,,ExecutedstdTornado_index_Tornado_index_bolt_extension_data,11655784.1056547,Tornado_index_Tornado_index_bolt_extension_query,105992.683604944,,Eexecute_Latency,Tornado_index_Tornado_index_bolt_extension_data,0.0367253048,Tornado_index_Tornado_index_bolt_extension_query,0.0346437127,,minup time,1053,maxup time,1063
,,,,,,,,,,,,,,,,,,,,,,,,,,,,,,,,,,,,,,,,,,,,,,,,,,,,,,,,,,,,,,,,,,,,,,,,,,,,,,,,,,,,,,,,,,,,,,,,,,,,,,,,,,,,,,,,,,,,,,,,,,,,,,,,,,,,,,,,,,,,,,,,,,,,,,,,,,,,,,,,,,,,,,,
,,,,,,,,611746.833333333,,,,,,,,,,,,,,,,,,,,,,,,,,,,,,,,,,,,,,,,,,,,,,,,,,,,,,,,,,,,,,,,,,,,,,,,,,,,,,,,,,,,,,,,,,,,,,,0.0392785528,,,,,,,,,,,,,,,,,,,,,,,,,,,,,,,,,,,,,,,,,,,,,,,,,,,,,,,,,,,,,,,,
numberOfackers,0,evaluatorParrellism,36,routingParrellism,10,spoutParallesim,15,numberOfQueryKeywords,3,numberOfQueries,5000000,spatialRange,5.0,localIndexType,HYBRID_GRID,globalIndexType,PARTITIONED
Topology Id, Tornado-98-1463446499,Number of Workers,63,600,Spid,Tweets , emitt,665701 , ack,0 , failed,0 , completeLatency,0.0, upTime,877_880_878_877_877_877_877_877_871_874_877_877_879_880_872_,Spid,querySource , emitt,0 , ack,0 , failed,0 , completeLatency,0.0, upTime,872_,totall,Spid,Tweets , emitt,446353300 , ack,0 , failed,0 , completeLatency,0.0, upTime,877_880_878_877_877_877_877_877_871_874_877_877_879_880_872_,Spid,querySource , emitt,5000000 , ack,0 , failed,0 , completeLatency,0.0, upTime,872_,600,Bolt id,Tornado_index,Emitted,Tornado_index_bolt_extension_query,0,Tornado_index_bolt_extension_data,665711,,Eexecuted,querySource_default,0,Tweets_default,665711,,ExecutedstdquerySource_default,0.0,Tweets_default,8421.429015131815,,Eexecute_Latency,querySource_default,0.0,Tweets_default,0.0040313885591533065,,minup time,872,maxup time,878,Bolt id,Tornado,Emitted,_bolt_output_extension,274303,,Eexecuted,Tornado_index_Tornado_index_bolt_extension_data,665635,Tornado_index_Tornado_index_bolt_extension_query,0,,ExecutedstdTornado_index_Tornado_index_bolt_extension_data,14650.623067412964,Tornado_index_Tornado_index_bolt_extension_query,0.0,,Eexecute_Latency,Tornado_index_Tornado_index_bolt_extension_data,0.038764472432707496,Tornado_index_Tornado_index_bolt_extension_query,0.0,,minup time,871,maxup time,880,total,Bolt id,Tornado_index,Emitted,Tornado_index_bolt_extension_query,5208420,Tornado_index_bolt_extension_data,445851980,,Eexecuted,querySource_default,5000000,Tweets_default,445852080,,ExecutedstdquerySource_default,0.0,Tweets_default,5464457.785289955,,Eexecute_Latency,querySource_default,0.025204000000000004,Tweets_default,0.004051072151943543,,minup time,872,maxup time,878,Bolt id,Tornado,Emitted,_bolt_output_extension,184332840,,Eexecuted,Tornado_index_Tornado_index_bolt_extension_data,446278180,Tornado_index_Tornado_index_bolt_extension_query,5208420,,ExecutedstdTornado_index_Tornado_index_bolt_extension_data,9808523.569261152,Tornado_index_Tornado_index_bolt_extension_query,105991.57968390174,,Eexecute_Latency,Tornado_index_Tornado_index_bolt_extension_data,0.03909934965150111,Tornado_index_Tornado_index_bolt_extension_query,0.04190917490788229,,minup time,871,maxup time,880,
Topology Id, Tornado-98-1463446499,Number of Workers,63,600,Spid,Tweets , emitt,668226 , ack,0 , failed,0 , completeLatency,0.0, upTime,940_943_941_940_941_940_941_938_934_937_940_940_940_940_935_,Spid,querySource , emitt,0 , ack,0 , failed,0 , completeLatency,0.0, upTime,935_,totall,Spid,Tweets , emitt,489067220 , ack,0 , failed,0 , completeLatency,0.0, upTime,940_943_941_940_941_940_941_938_934_937_940_940_940_940_935_,Spid,querySource , emitt,5000000 , ack,0 , failed,0 , completeLatency,0.0, upTime,935_,600,Bolt id,Tornado_index,Emitted,Tornado_index_bolt_extension_query,0,Tornado_index_bolt_extension_data,668057,,Eexecuted,querySource_default,0,Tweets_default,668058,,ExecutedstdquerySource_default,0.0,Tweets_default,8316.69752128155,,Eexecute_Latency,querySource_default,0.0,Tweets_default,0.003997378149492964,,minup time,935,maxup time,941,Bolt id,Tornado,Emitted,_bolt_output_extension,275941,,Eexecuted,Tornado_index_Tornado_index_bolt_extension_data,668014,Tornado_index_Tornado_index_bolt_extension_query,0,,ExecutedstdTornado_index_Tornado_index_bolt_extension_data,14671.494551922002,Tornado_index_Tornado_index_bolt_extension_query,0.0,,Eexecute_Latency,Tornado_index_Tornado_index_bolt_extension_data,0.03864519539427161,Tornado_index_Tornado_index_bolt_extension_query,0.0,,minup time,934,maxup time,942,total,Bolt id,Tornado_index,Emitted,Tornado_index_bolt_extension_query,5208420,Tornado_index_bolt_extension_data,488576700,,Eexecuted,querySource_default,5000000,Tweets_default,488576740,,ExecutedstdquerySource_default,0.0,Tweets_default,5893495.067187551,,Eexecute_Latency,querySource_default,0.025204000000000004,Tweets_default,0.004027261812160355,,minup time,935,maxup time,941,Bolt id,Tornado,Emitted,_bolt_output_extension,202020660,,Eexecuted,Tornado_index_Tornado_index_bolt_extension_data,488935320,Tornado_index_Tornado_index_bolt_extension_query,5208420,,ExecutedstdTornado_index_Tornado_index_bolt_extension_data,1.074734918669457E7,Tornado_index_Tornado_index_bolt_extension_query,105991.57968390174,,Eexecute_Latency,Tornado_index_Tornado_index_bolt_extension_data,0.038995616054751284,Tornado_index_Tornado_index_bolt_extension_query,0.04190917490788229,,minup time,934,maxup time,942,
Topology Id, Tornado-98-1463446499,Number of Workers,63,600,Spid,Tweets , emitt,667399 , ack,0 , failed,0 , completeLatency,0.0, upTime,1003_1003_1004_1003_1004_1000_1004_1001_997_1001_1003_1003_1003_1003_998_,Spid,querySource , emitt,0 , ack,0 , failed,0 , completeLatency,0.0, upTime,998_,totall,Spid,Tweets , emitt,529415900 , ack,0 , failed,0 , completeLatency,0.0, upTime,1003_1003_1004_1003_1004_1000_1004_1001_997_1001_1003_1003_1003_1003_998_,Spid,querySource , emitt,5000000 , ack,0 , failed,0 , completeLatency,0.0, upTime,998_,600,Bolt id,Tornado_index,Emitted,Tornado_index_bolt_extension_query,0,Tornado_index_bolt_extension_data,667703,,Eexecuted,querySource_default,0,Tweets_default,667704,,ExecutedstdquerySource_default,0.0,Tweets_default,8151.6250354510175,,Eexecute_Latency,querySource_default,0.0,Tweets_default,0.003997507396840548,,minup time,998,maxup time,1004,Bolt id,Tornado,Emitted,_bolt_output_extension,275382,,Eexecuted,Tornado_index_Tornado_index_bolt_extension_data,667577,Tornado_index_Tornado_index_bolt_extension_query,0,,ExecutedstdTornado_index_Tornado_index_bolt_extension_data,14668.854051361373,Tornado_index_Tornado_index_bolt_extension_query,0.0,,Eexecute_Latency,Tornado_index_Tornado_index_bolt_extension_data,0.03846675359361776,Tornado_index_Tornado_index_bolt_extension_query,0.0,,minup time,996,maxup time,1004,total,Bolt id,Tornado_index,Emitted,Tornado_index_bolt_extension_query,5208420,Tornado_index_bolt_extension_data,529478680,,Eexecuted,querySource_default,5000000,Tweets_default,529478660,,ExecutedstdquerySource_default,0.0,Tweets_default,6317261.053298652,,Eexecute_Latency,querySource_default,0.025204000000000004,Tweets_default,0.004026364118290606,,minup time,998,maxup time,1004,Bolt id,Tornado,Emitted,_bolt_output_extension,218638520,,Eexecuted,Tornado_index_Tornado_index_bolt_extension_data,529401040,Tornado_index_Tornado_index_bolt_extension_query,5208420,,ExecutedstdTornado_index_Tornado_index_bolt_extension_data,1.1637226310086008E7,Tornado_index_Tornado_index_bolt_extension_query,105991.57968390174,,Eexecute_Latency,Tornado_index_Tornado_index_bolt_extension_data,0.03895671102487466,Tornado_index_Tornado_index_bolt_extension_query,0.04190917490788229,,minup time,996,maxup time,1004,
Topology Id, Tornado-98-1463446499,Number of Workers,63,600,Spid,Tweets , emitt,668596 , ack,0 , failed,0 , completeLatency,0.0, upTime,1067_1067_1067_1066_1067_1063_1067_1064_1060_1064_1063_1066_1066_1066_1061_,Spid,querySource , emitt,0 , ack,0 , failed,0 , completeLatency,0.0, upTime,1062_,totall,Spid,Tweets , emitt,570991160 , ack,0 , failed,0 , completeLatency,0.0, upTime,1067_1067_1067_1066_1067_1063_1067_1064_1060_1064_1063_1066_1066_1066_1061_,Spid,querySource , emitt,5000000 , ack,0 , failed,0 , completeLatency,0.0, upTime,1062_,600,Bolt id,Tornado_index,Emitted,Tornado_index_bolt_extension_query,0,Tornado_index_bolt_extension_data,668644,,Eexecuted,querySource_default,0,Tweets_default,668644,,ExecutedstdquerySource_default,0.0,Tweets_default,8005.460032832827,,Eexecute_Latency,querySource_default,0.0,Tweets_default,0.003963353645935248,,minup time,1061,maxup time,1067,Bolt id,Tornado,Emitted,_bolt_output_extension,275749,,Eexecuted,Tornado_index_Tornado_index_bolt_extension_data,668627,Tornado_index_Tornado_index_bolt_extension_query,0,,ExecutedstdTornado_index_Tornado_index_bolt_extension_data,14708.175255134038,Tornado_index_Tornado_index_bolt_extension_query,0.0,,Eexecute_Latency,Tornado_index_Tornado_index_bolt_extension_data,0.038421303047019705,Tornado_index_Tornado_index_bolt_extension_query,0.0,,minup time,1060,maxup time,1068,total,Bolt id,Tornado_index,Emitted,Tornado_index_bolt_extension_query,5208420,Tornado_index_bolt_extension_data,570877540,,Eexecuted,querySource_default,5000000,Tweets_default,570877520,,ExecutedstdquerySource_default,0.0,Tweets_default,6747031.5954215005,,Eexecute_Latency,querySource_default,0.025204000000000004,Tweets_default,0.004018419056027127,,minup time,1061,maxup time,1067,Bolt id,Tornado,Emitted,_bolt_output_extension,235778720,,Eexecuted,Tornado_index_Tornado_index_bolt_extension_data,570861300,Tornado_index_Tornado_index_bolt_extension_query,5208420,,ExecutedstdTornado_index_Tornado_index_bolt_extension_data,1.2546087758520471E7,Tornado_index_Tornado_index_bolt_extension_query,105991.57968390174,,Eexecute_Latency,Tornado_index_Tornado_index_bolt_extension_data,0.03893424651902967,Tornado_index_Tornado_index_bolt_extension_query,0.04190917490788229,,minup time,1060,maxup time,1068,

